date,language,n_tweets,n_retweets,sum_compound,sum_sq_compound,sum_pos,sum_neg,sum_neu,sum_followers,sum_followers_weighted_compound,n_dropped_text,n_dropped_ts,source_file
2023-04-04,ar,313,830,0.5640000000000003,7.243747099999998,2.498,2.137,308.3640000000001,5885311,314343.215,0,0,chunk_019.csv
2023-04-04,bg,31,20,0.9681,0.46988392999999995,0.29600000000000004,0.0,30.704,51112,624.1311,0,0,chunk_019.csv
2023-04-04,bn,49,2,-0.35869999999999996,1.9152923700000002,0.398,0.44699999999999995,48.155,6692547,-642182.9084000001,0,0,chunk_019.csv
2023-04-04,ca,224,4756,66.97910000000002,62.313385749999945,19.281000000000002,3.037000000000001,201.6809999999997,2982735,48872.5692,0,0,chunk_019.csv
2023-04-04,cs,173,1501,15.670299999999994,12.461107390000002,4.734000000000002,1.6480000000000001,166.61900000000006,646767,76334.16879999997,0,0,chunk_019.csv
2023-04-04,cy,19,35,3.9227000000000003,6.453027810000002,4.024,1.206,13.77,25675,12441.177500000002,0,0,chunk_019.csv
2023-04-04,da,83,62,-9.658000000000001,8.90642704,1.3800000000000003,6.447,75.173,480186,-10886.594000000003,0,0,chunk_019.csv
2023-04-04,de,10983,1007274,-4410.605700000077,3628.1506158299353,122.16299999999869,1175.2110000000143,9685.63299999987,146835663,-38457187.030200094,0,0,chunk_019.csv
2023-04-04,el,331,905,6.8241999999999985,9.69649618,3.409,1.6250000000000002,325.96599999999995,1964371,182056.9403,0,0,chunk_019.csv
2023-04-04,en,90156,20157520,2403.035899999926,30511.475763395527,8980.270000000799,7852.62500000086,73325.83100000238,1153247079,23629009.0698004,0,0,chunk_019.csv
2023-04-04,es,8125,1933875,-233.20239999999683,511.2723189200027,124.00700000000145,168.21799999999976,7832.674000000053,180403464,-7373176.79920001,0,0,chunk_019.csv
2023-04-04,et,172,37,-4.317399999999997,16.28152380000001,5.763000000000001,6.198000000000001,160.03900000000004,231555,46386.10809999998,0,0,chunk_019.csv
2023-04-04,eu,48,109,0.6808,0.46348863999999995,0.362,0.207,47.431,17773,19.743199999999998,0,0,chunk_019.csv
2023-04-04,fa,299,30267,0.46719999999999984,4.224061580000001,1.451,0.994,296.555,1919608,3072.8414999999995,0,0,chunk_019.csv
2023-04-04,fi,2770,31895,101.33309999999996,107.63318124999961,55.66299999999998,20.95,2693.3859999999936,8594176,236831.7621000001,0,0,chunk_019.csv
2023-04-04,fr,7505,670024,-206.19769999999835,672.11508110999,121.94099999999962,144.17000000000064,7238.9329999999345,297842485,914207.3678000009,0,0,chunk_019.csv
2023-04-04,gu,68,12,-3.5693,2.40363081,0.08,1.17,66.75,9357465,-330531.25590000005,0,0,chunk_019.csv
2023-04-04,hi,630,2245,-29.822399999999988,43.333351819999976,5.607999999999998,11.463000000000003,612.9269999999996,688194034,10637993.4753,0,0,chunk_019.csv
2023-04-04,ht,94,38,-12.763599999999986,19.541132039999997,6.775,11.862000000000002,75.36300000000001,80035,14848.282500000003,0,0,chunk_019.csv
2023-04-04,hu,112,4137,0.6649999999999999,1.2088151599999999,0.35000000000000003,0.206,111.44399999999999,693035,594.2678,0,0,chunk_019.csv
2023-04-04,hy,1,0,0.0,0.0,0.0,0.0,1.0,580,0.0,0,0,chunk_019.csv
2023-04-04,in,426,346,-0.6661999999999948,36.92485110000001,11.279000000000009,16.467000000000002,398.2550000000001,11116423,-92077.17499999997,0,0,chunk_019.csv
2023-04-04,is,17,1,0.0,0.0,0.0,0.0,17.0,10362,0.0,0,0,chunk_019.csv
2023-04-04,it,6627,182593,652.0120000000011,553.6528933399957,209.0240000000006,73.58799999999984,6344.398999999971,57410643,7100144.8026000075,0,0,chunk_019.csv
2023-04-04,iw,48,6,0.0,0.0,0.0,0.0,48.0,43639,0.0,0,0,chunk_019.csv
2023-04-04,ja,747,10145,27.942000000000007,44.48275141999999,19.051,10.233000000000004,717.7159999999996,2392024,-45981.99850000003,0,0,chunk_019.csv
2023-04-04,ka,21,0,0.0,0.0,0.0,0.0,21.0,5922,0.0,0,0,chunk_019.csv
2023-04-04,km,3,0,1.3497,0.9459840500000001,0.42100000000000004,0.0,2.5789999999999997,2265,464.8864,0,0,chunk_019.csv
2023-04-04,kn,23,0,-0.4767,0.22724289,0.0,0.237,22.763,1220232,-160766.1216,0,0,chunk_019.csv
2023-04-04,ko,96,38,5.978800000000001,6.619478919999998,2.983,1.403,91.61300000000001,111171,20388.211,0,0,chunk_019.csv
2023-04-04,lt,26,2,7.750600000000001,5.658907900000003,4.705000000000001,0.301,20.994000000000007,26526,-6176.140700000003,0,0,chunk_019.csv
2023-04-04,lv,103,265,-9.654499999999999,14.674419749999998,2.044,6.602,94.35399999999996,412901,-33021.93759999999,0,0,chunk_019.csv
2023-04-04,ml,12,0,-1.198,0.7475165800000001,0.0,0.6200000000000001,11.379999999999999,184899,-40430.9773,0,0,chunk_019.csv
2023-04-04,mr,27,4,-0.5867,0.92493665,0.16,0.283,26.557,5473770,238266.7942,0,0,chunk_019.csv
2023-04-04,my,4,10,0.0,0.0,0.0,0.0,4.0,1020,0.0,0,0,chunk_019.csv
2023-04-04,ne,6,2,1.2927,0.9550482500000002,0.325,0.051,5.624,460916,2153.9393,0,0,chunk_019.csv
2023-04-04,nl,563,15480,-78.5636000000002,77.73232879999995,8.795,29.315000000000005,524.8869999999996,2406989,-231672.77940000006,0,0,chunk_019.csv
2023-04-04,no,97,8240,-9.298899999999998,6.30604383,0.804,3.8120000000000007,92.385,121807,-9880.368299999998,0,0,chunk_019.csv
2023-04-04,or,13,7,0.0,0.0,0.0,0.0,13.0,1879139,0.0,0,0,chunk_019.csv
2023-04-04,pa,5,1,-1.2934,0.57008578,0.0,0.346,4.654,936878,-302927.89400000003,0,0,chunk_019.csv
2023-04-04,pl,1071,32053,29.198100000000004,49.96207787000003,15.809000000000001,8.306000000000006,1046.909,23537478,87117.528,0,0,chunk_019.csv
2023-04-04,ps,4,2,1.581,1.2660525800000002,0.351,0.046,3.6029999999999998,421654,4596.5021,0,0,chunk_019.csv
2023-04-04,pt,721,3072,-19.03849999999997,33.71261923000001,8.704000000000002,12.071999999999997,700.2229999999997,10397177,259484.6989999999,0,0,chunk_019.csv
2023-04-04,ro,162,832,-13.386399999999998,19.608433480000006,3.1339999999999995,7.579,151.28399999999993,671681,-109683.04900000001,0,0,chunk_019.csv
2023-04-04,ru,1578,46380,23.018000000000008,34.85901310000001,16.625999999999994,6.747000000000001,1554.6290000000001,2841830,16760.422599999998,0,0,chunk_019.csv
2023-04-04,si,4,0,0.0,0.0,0.0,0.0,4.0,804,0.0,0,0,chunk_019.csv
2023-04-04,sl,45,29,-0.4225,1.6411398700000002,0.379,0.595,44.026,585750,-1262.5875,0,0,chunk_019.csv
2023-04-04,sr,30,6,1.6063999999999998,1.2995356999999998,0.323,0.0,29.677000000000003,42857,1168.8408,0,0,chunk_019.csv
2023-04-04,sv,306,1790,-6.748500000000002,24.06022405,4.97,10.294,290.7339999999999,1116115,114164.89490000003,0,0,chunk_019.csv
2023-04-04,ta,98,127,-3.0764,1.6177896600000001,0.0,0.744,97.256,37861023,-1720674.529,0,0,chunk_019.csv
2023-04-04,te,29,5,0.0,0.0,0.0,0.0,29.0,646655,0.0,0,0,chunk_019.csv
2023-04-04,th,171,2767,6.669100000000001,4.91233591,2.008,0.214,168.77800000000002,1232374,9014.074799999999,0,0,chunk_019.csv
2023-04-04,tl,126,69,14.263099999999998,30.948589270000003,11.035000000000005,8.092000000000002,106.873,2422898,173822.29359999998,0,0,chunk_019.csv
2023-04-04,tr,3750,370618,-5.527299999999925,267.5498458300002,52.61099999999991,47.28899999999975,3650.126000000027,34536293,93214.7306000023,0,0,chunk_019.csv
2023-04-04,uk,2243,7816,86.39379999999984,110.69012061999982,57.13900000000001,23.441,2162.421,7088615,121319.40890000013,0,0,chunk_019.csv
2023-04-04,und,7635,43262,413.0660999999999,610.4860120300026,323.9729999999993,134.85899999999972,7176.187999999988,35640515,866596.3174000018,0,0,chunk_019.csv
2023-04-04,ur,191,130,0.08810000000000023,4.093516309999999,0.9550000000000001,1.4029999999999998,188.64200000000002,10348522,-30651.8844,0,0,chunk_019.csv
2023-04-04,vi,113,103,-1.2167000000000003,11.304453330000001,2.774,2.62,107.60599999999998,63566,4523.267699999999,0,0,chunk_019.csv
2023-04-04,zh,214,600,3.6374,8.54956156,4.343,2.25,207.407,7065767,455622.53939999995,0,0,chunk_019.csv
2023-04-05,am,5,4,0.0,0.0,0.0,0.0,5.0,626708,0.0,0,0,chunk_019.csv
2023-04-05,ar,281,2022,5.3466,7.4428214399999995,2.8480000000000003,1.513,276.64,2697237,6167.144600000001,0,0,chunk_019.csv
2023-04-05,bg,32,15,0.4019,0.16152360999999998,0.162,0.0,31.838,13090,0.0,0,0,chunk_019.csv
2023-04-05,bn,45,6,-1.2794,0.5904803600000001,0.0,0.46699999999999997,44.532999999999994,1224419,-2177.1728,0,0,chunk_019.csv
2023-04-05,ca,186,3981,24.009900000000012,32.55339641,9.170999999999996,4.285,172.544,3460814,19786.47430000001,0,0,chunk_019.csv
2023-04-05,cs,185,1863,5.9159999999999995,17.15783192,7.233999999999998,3.7450000000000006,174.02300000000005,1815393,5765.8704,0,0,chunk_019.csv
2023-04-05,cy,20,71,4.742200000000001,5.286749060000001,3.4390000000000005,0.5399999999999999,16.021,44321,10745.267999999998,0,0,chunk_019.csv
2023-04-05,da,86,45,-16.901099999999996,14.518212329999999,1.6010000000000002,9.755,74.64399999999998,4297493,-26216.167199999996,0,0,chunk_019.csv
2023-04-05,de,13317,1750234,-5046.741800000237,3952.2247651399075,122.45099999999938,1264.3839999999905,11930.236999999772,79650966,-29104179.2592999,0,0,chunk_019.csv
2023-04-05,el,330,1977,2.2037,6.367338710000001,1.6989999999999998,1.4970000000000003,326.804,1797226,51877.68970000001,0,0,chunk_019.csv
2023-04-05,en,96355,76673041,520.0491000001647,31434.821175450263,10021.45200000078,8895.179999999797,77440.27599999828,864992923,-13616490.01830012,0,0,chunk_019.csv
2023-04-05,es,11210,4999530,-480.0303999999929,799.143586960039,174.3630000000004,252.48700000001537,10781.4519999999,137114890,-1819258.5928000002,0,0,chunk_019.csv
2023-04-05,et,146,60,-9.188399999999996,13.914957400000004,2.13,6.020000000000001,137.85,244081,-13069.256399999997,0,0,chunk_019.csv
2023-04-05,eu,62,69,0.6124,0.37503376000000005,0.156,0.0,61.844,23382,945.5456,0,0,chunk_019.csv
2023-04-05,fa,95,7662,-2.4483000000000006,1.7010684300000003,0.153,0.553,94.294,724622,-525.469,0,0,chunk_019.csv
2023-04-05,fi,733,9239,-0.3188000000000004,33.76367860000003,9.356999999999998,13.562999999999986,710.0809999999996,1607596,16930.12980000002,0,0,chunk_019.csv
2023-04-05,fr,9057,1352534,-251.33940000000104,569.7574224399959,108.76499999999918,152.98499999999862,8795.38700000001,265096296,2655927.599200008,0,0,chunk_019.csv
2023-04-05,gu,77,25,0.8473,1.2064150900000001,0.384,0.339,76.27699999999999,12179605,421731.6745,0,0,chunk_019.csv
2023-04-05,hi,423,521,-12.754499999999998,16.54788723,2.803,6.107999999999999,414.091,318005825,-721242.2217999998,0,0,chunk_019.csv
2023-04-05,ht,101,230,-10.543199999999993,32.78057652000002,12.578999999999994,15.527999999999999,72.89499999999995,197806,27724.765300000014,0,0,chunk_019.csv
2023-04-05,hu,89,6562,0.1779,0.03164841,0.196,0.15,88.654,346565,0.1779,0,0,chunk_019.csv
2023-04-05,hy,1,1,0.0,0.0,0.0,0.0,1.0,25,0.0,0,0,chunk_019.csv
2023-04-05,in,342,516,2.2813000000000008,30.124123189999978,8.373000000000003,8.998,324.63100000000014,1237900,-125526.99560000004,0,0,chunk_019.csv
2023-04-05,is,14,0,0.0,0.0,0.0,0.0,14.0,3939,0.0,0,0,chunk_019.csv
2023-04-05,it,5194,209229,439.7409999999934,392.6148483199946,131.78400000000028,39.00299999999995,5023.201000000017,32596160,3161075.698700004,0,0,chunk_019.csv
2023-04-05,iw,68,3,0.0,0.0,0.0,0.0,68.0,46492,0.0,0,0,chunk_019.csv
2023-04-05,ja,665,12781,21.3859,29.18218186999999,12.127,5.479,647.395,3663239,600.3344000000299,0,0,chunk_019.csv
2023-04-05,ka,20,0,0.0,0.0,0.0,0.0,20.0,5625,0.0,0,0,chunk_019.csv
2023-04-05,km,2,0,0.0,0.0,0.0,0.0,2.0,1168,0.0,0,0,chunk_019.csv
2023-04-05,kn,33,0,0.4295,1.24148875,0.48,0.351,32.169000000000004,2537993,287743.4098,0,0,chunk_019.csv
2023-04-05,ko,108,33,1.965399999999999,12.89123114,3.157999999999999,3.6860000000000004,101.15599999999998,54680,10280.663200000003,0,0,chunk_019.csv
2023-04-05,lt,40,8,9.394300000000003,8.335466370000004,7.464000000000002,1.3470000000000002,31.189000000000018,30196,3911.500900000002,0,0,chunk_019.csv
2023-04-05,lv,72,159,-13.64259999999999,16.193507300000004,2.737,9.413999999999998,59.84899999999996,250341,-8759.285800000001,0,0,chunk_019.csv
2023-04-05,ml,8,1,0.0,0.0,0.0,0.0,8.0,285806,0.0,0,0,chunk_019.csv
2023-04-05,mr,27,40,-0.1164,0.7874325799999999,0.20600000000000002,0.243,26.551,10407369,28794.833599999994,0,0,chunk_019.csv
2023-04-05,my,11,42,0.0,0.0,0.0,0.0,11.0,845752,0.0,0,0,chunk_019.csv
2023-04-05,ne,6,2,-1.272,0.808992,0.0,0.378,5.622,453166,-15777.251999999999,0,0,chunk_019.csv
2023-04-05,nl,365,12554,-36.90120000000001,34.06271865999999,5.183,15.272999999999993,344.54200000000014,484177,-14909.61129999998,0,0,chunk_019.csv
2023-04-05,no,53,4089,2.4979,3.69725781,1.708,0.85,50.442,106575,10576.0262,0,0,chunk_019.csv
2023-04-05,or,4,0,0.0,0.0,0.0,0.0,4.0,583634,0.0,0,0,chunk_019.csv
2023-04-05,pa,11,0,1.4219,0.93452215,0.349,0.11399999999999999,10.536999999999999,1340133,101609.74920000002,0,0,chunk_019.csv
2023-04-05,pl,1616,84291,41.07359999999984,118.81643972000008,32.630000000000045,21.30499999999999,1562.0700000000083,11089132,-130476.8084000002,0,0,chunk_019.csv
2023-04-05,ps,10,10,0.0,0.0,0.0,0.0,10.0,1708310,0.0,0,0,chunk_019.csv
2023-04-05,pt,477,2384,-14.960999999999991,24.466547520000013,5.070999999999999,8.13,463.80100000000004,6313006,-129350.78199999998,0,0,chunk_019.csv
2023-04-05,ro,198,15097,-10.494399999999999,15.88312396000001,2.281,6.5269999999999975,189.19100000000006,1700344,49657.810000000005,0,0,chunk_019.csv
2023-04-05,ru,1761,58440,24.691000000000013,34.080252159999986,17.596999999999998,7.5089999999999995,1735.8950000000004,3378100,-20370.47459999999,0,0,chunk_019.csv
2023-04-05,sd,2,0,0.0,0.0,0.0,0.0,2.0,38,0.0,0,0,chunk_019.csv
2023-04-05,si,2,0,0.34,0.11560000000000002,0.082,0.0,1.9180000000000001,138,39.78,0,0,chunk_019.csv
2023-04-05,sl,37,156,-1.1568,0.6699751200000001,0.0,0.372,36.628,211872,-165.4872,0,0,chunk_019.csv
2023-04-05,sr,40,29,0.8402,0.7059360399999999,0.375,0.0,39.625,61253,81.4994,0,0,chunk_019.csv
2023-04-05,sv,252,1759,-15.282899999999996,22.688149970000012,2.8020000000000005,12.433000000000003,236.76500000000013,499230,-5869.086599999998,0,0,chunk_019.csv
2023-04-05,ta,86,5814,-1.3940000000000001,1.6408154800000003,0.327,0.91,84.76400000000001,48064125,-1379021.5692,0,0,chunk_019.csv
2023-04-05,te,54,4,-3.3601000000000005,1.9412158900000003,0.0,0.9470000000000001,53.053000000000004,1843171,-46613.13819999999,0,0,chunk_019.csv
2023-04-05,th,154,761,5.6002,5.024438160000001,1.8930000000000002,0.883,151.22500000000002,186825,13864.728500000003,0,0,chunk_019.csv
2023-04-05,tl,176,133,24.18829999999996,39.501913310000035,16.968000000000004,10.016999999999998,149.014,960495,-9434.723099999997,0,0,chunk_019.csv
2023-04-05,tr,2475,593926,73.03299999999977,165.0949449999992,78.61899999999987,39.272999999999925,2357.118000000018,17113523,222953.1891,0,0,chunk_019.csv
2023-04-05,uk,2495,21129,103.83529999999989,123.93226526999982,63.150999999999954,21.744999999999994,2410.1070000000013,8323057,62973.44579999996,0,0,chunk_019.csv
2023-04-05,und,6276,58853,186.44179999999903,473.164991320004,217.45399999999984,140.13,5918.41300000001,29336759,805819.4402000008,0,0,chunk_019.csv
2023-04-05,ur,75,87,-2.5455,2.5437536900000004,0.077,0.778,74.14500000000001,6859814,-7922.2519999999995,0,0,chunk_019.csv
2023-04-05,vi,165,118,9.725100000000001,18.663129389999998,7.003999999999999,2.176,155.8199999999999,138413,-971.9173999999999,0,0,chunk_019.csv
2023-04-05,zh,168,323,1.8950999999999993,5.17240325,2.001,1.528,164.472,4131550,623.0518000000003,0,0,chunk_019.csv
2023-04-06,am,1,0,0.0,0.0,0.0,0.0,1.0,197622,0.0,0,0,chunk_019.csv
2023-04-06,ar,301,2687,-0.34609999999999913,11.966684289999996,2.6540000000000012,2.5770000000000004,295.76900000000006,12155205,-1993.0276000000008,0,0,chunk_019.csv
2023-04-06,bg,43,25,0.8977,0.8058652900000001,0.266,0.0,42.734,50903,83.48610000000001,0,0,chunk_019.csv
2023-04-06,bn,43,5,0.35280000000000006,2.27030058,0.464,0.45899999999999996,42.077,7480829,-1507455.9575999998,0,0,chunk_019.csv
2023-04-06,ca,123,557,8.240399999999998,12.600811319999998,4.174,2.7560000000000007,116.07,3296597,-684991.4471999998,0,0,chunk_019.csv
2023-04-06,cs,102,354,4.8020000000000005,7.156712079999999,2.9200000000000004,1.288,97.79199999999999,245276,19161.786199999995,0,0,chunk_019.csv
2023-04-06,cy,7,4,1.3759000000000001,1.17560767,0.723,0.178,6.099,30092,15915.516499999998,0,0,chunk_019.csv
2023-04-06,da,73,197,-11.772499999999994,12.288786729999998,1.2890000000000004,7.706000000000002,64.00500000000001,145164,-4274.418899999999,0,0,chunk_019.csv
2023-04-06,de,10232,1029673,-3983.1169999999393,3321.8753217199305,107.28999999999945,1061.6539999999857,9063.01700000002,91560652,-27726227.57060012,0,0,chunk_019.csv
2023-04-06,el,320,1967,2.6856999999999993,8.26602657,3.008000000000001,1.948,315.04400000000015,1887208,138731.09909999996,0,0,chunk_019.csv
2023-04-06,en,80311,44945188,-3576.7184000000348,24463.55613086423,7267.673999999915,7587.052000000546,65456.92400000116,1125462693,-37537410.02150036,0,0,chunk_019.csv
2023-04-06,es,8387,5850134,-599.5629000000062,596.6168302700208,107.74100000000001,227.19600000000347,8050.684999999896,172111977,-13541847.901599966,0,0,chunk_019.csv
2023-04-06,et,203,5500,-3.8314000000000004,4.86812064,1.053,2.4250000000000003,199.523,198126,-38669.40599999999,0,0,chunk_019.csv
2023-04-06,eu,49,0,0.0,0.0,0.0,0.0,49.0,34993,0.0,0,0,chunk_019.csv
2023-04-06,fa,55,1,-4.6771,3.8300994900000007,0.179,1.035,53.786,877127,-1598.3568000000002,0,0,chunk_019.csv
2023-04-06,fi,329,1620,-9.194899999999997,29.88927391,6.211,13.642999999999986,309.14599999999996,819844,27380.336700000036,0,0,chunk_019.csv
2023-04-06,fr,13538,5755850,86.32710000000216,997.1079343300021,225.3440000000024,209.88599999999587,13102.7649999998,297074321,-3458018.1297000013,0,0,chunk_019.csv
2023-04-06,gu,63,18,-2.2493,2.04294481,0.075,0.712,62.21300000000001,9088268,-398856.41779999994,0,0,chunk_019.csv
2023-04-06,hi,351,2998,-0.3733000000000006,10.141227469999999,2.8859999999999997,2.925,345.18300000000005,232170596,-2612975.0129,0,0,chunk_019.csv
2023-04-06,ht,105,979,-13.413599999999988,20.502601559999995,9.164,12.878,82.95799999999993,10776908,-15212.543399999995,0,0,chunk_019.csv
2023-04-06,hu,89,10077,0.4404,0.19395216,0.184,0.092,88.725,548198,59.013600000000004,0,0,chunk_019.csv
2023-04-06,hy,1,0,0.0,0.0,0.0,0.0,1.0,29,0.0,0,0,chunk_019.csv
2023-04-06,in,374,484,28.1912,28.111250760000004,10.704000000000002,3.357,359.939,1062273,52407.126799999976,0,0,chunk_019.csv
2023-04-06,is,26,1,0.32380000000000003,0.59613914,0.607,0.293,25.1,7402,-219.10899999999998,0,0,chunk_019.csv
2023-04-06,it,4553,166210,360.87949999999654,289.9827776099982,106.97599999999933,36.458000000000034,4409.55299999998,49363602,4278321.562100005,0,0,chunk_019.csv
2023-04-06,iw,58,1,0.7184,0.5160985600000001,0.25,0.0,57.75,48068,1.4368,0,0,chunk_019.csv
2023-04-06,ja,1017,57230,27.922000000000008,27.342601619999975,19.005999999999997,4.317,993.6769999999999,4465099,41467.03790000001,0,0,chunk_019.csv
2023-04-06,ka,22,4,0.0,0.0,0.0,0.0,22.0,6829,0.0,0,0,chunk_019.csv
2023-04-06,km,6,4,0.0,0.0,0.0,0.0,6.0,3553,0.0,0,0,chunk_019.csv
2023-04-06,kn,28,9,-1.0408,1.4003430000000001,0.259,0.746,26.995,2173941,101372.526,0,0,chunk_019.csv
2023-04-06,ko,118,28688,-3.3015000000000003,9.15603173,1.947,3.0319999999999996,113.02100000000002,46283,2779.5221999999994,0,0,chunk_019.csv
2023-04-06,lt,38,7,11.639500000000002,8.324108470000004,7.538000000000002,0.74,29.722000000000005,31926,2855.1691999999994,0,0,chunk_019.csv
2023-04-06,lv,92,585,-23.042399999999997,12.813098879999998,0.0,10.562999999999994,81.43699999999995,83625,-16058.433600000006,0,0,chunk_019.csv
2023-04-06,ml,9,0,0.9649000000000001,0.50610001,0.246,0.0,8.754,325469,2519.3819000000003,0,0,chunk_019.csv
2023-04-06,mr,22,3,-0.9362,0.9256658799999999,0.088,0.4,21.512,6446955,-723220.353,0,0,chunk_019.csv
2023-04-06,my,1,0,0.0,0.0,0.0,0.0,1.0,843757,0.0,0,0,chunk_019.csv
2023-04-06,ne,11,4,-0.9412,0.46024966000000006,0.197,0.46699999999999997,10.335,101387,-77.71030000000002,0,0,chunk_019.csv
2023-04-06,nl,514,27159,-49.73100000000003,41.76258166000004,3.933,19.516999999999996,490.5500000000004,801491,-51065.51870000002,0,0,chunk_019.csv
2023-04-06,no,52,21,0.2133999999999998,1.1297765800000001,0.45899999999999996,0.18,51.361,27274,-338.01400000000007,0,0,chunk_019.csv
2023-04-06,or,3,1,0.4019,0.16152360999999998,0.144,0.0,2.856,74372,27658.757999999998,0,0,chunk_019.csv
2023-04-06,pa,10,0,-1.417,1.02775012,0.0,0.28300000000000003,9.717,1246755,-191880.1184,0,0,chunk_019.csv
2023-04-06,pl,1038,98376,-16.41239999999999,50.85318235999996,9.740999999999998,11.527000000000003,1016.7320000000002,5612565,-51836.168800000014,0,0,chunk_019.csv
2023-04-06,ps,6,7,0.0,0.0,0.0,0.0,6.0,463064,0.0,0,0,chunk_019.csv
2023-04-06,pt,506,3174,-19.529099999999982,39.38364454999996,9.167000000000003,11.528000000000008,485.30700000000036,5268678,198926.2844000004,0,0,chunk_019.csv
2023-04-06,ro,202,7186,2.013600000000001,26.86395668,7.8349999999999955,6.701999999999996,187.46400000000006,2756878,39677.1867,0,0,chunk_019.csv
2023-04-06,ru,1476,46782,31.1741,33.98487992999999,19.677999999999997,5.781000000000001,1450.5520000000004,2324466,-175.12160000000154,0,0,chunk_019.csv
2023-04-06,sd,2,0,0.0,0.0,0.0,0.0,2.0,206,0.0,0,0,chunk_019.csv
2023-04-06,si,5,0,-0.1923999999999999,0.6793604,0.158,0.272,4.57,4452,-1429.4535999999998,0,0,chunk_019.csv
2023-04-06,sl,40,11,1.1399,0.6937608100000001,0.301,0.0,39.699,52031,1010.6934000000001,0,0,chunk_019.csv
2023-04-06,sr,35,8,-0.5904,0.34857216,0.0,0.11,34.89,23449,-169.44480000000001,0,0,chunk_019.csv
2023-04-06,sv,156,330,-26.247800000000023,24.245343220000002,2.146,14.436000000000007,139.418,455729,-40349.348399999995,0,0,chunk_019.csv
2023-04-06,ta,85,29,-2.9702,2.6729350600000004,0.46399999999999997,1.321,83.215,44432106,-1817552.8907,0,0,chunk_019.csv
2023-04-06,te,35,2,-0.6841,0.46799281000000004,0.0,0.296,34.704,1111090,-21.2071,0,0,chunk_019.csv
2023-04-06,th,212,2720,4.1484000000000005,4.7365552399999995,1.893,0.7570000000000001,209.34799999999996,2519746,8367.648800000003,0,0,chunk_019.csv
2023-04-06,tl,82,110,-8.924199999999994,15.817375740000003,4.387,8.581000000000001,69.03200000000001,227503,52113.942100000015,0,0,chunk_019.csv
2023-04-06,tr,801,61577,20.09720000000001,32.96934511999999,13.852999999999998,6.367000000000002,780.7809999999996,4446846,112314.71749999996,0,0,chunk_019.csv
2023-04-06,uk,2666,19117,91.35199999999965,119.83193791999977,58.89300000000003,26.836999999999996,2580.278000000001,7868508,111922.5799,0,0,chunk_019.csv
2023-04-06,und,6436,56480,270.53859999999935,591.3019386399991,295.9059999999978,151.91599999999943,5988.182999999992,20038556,890918.9218000013,0,0,chunk_019.csv
2023-04-06,ur,151,7892,-0.9061000000000001,1.34059275,0.332,0.5640000000000001,150.10399999999998,29086121,-4319.3241,0,0,chunk_019.csv
2023-04-06,vi,202,180,11.7663,16.36701093,6.347999999999998,1.117,194.53500000000003,163268,4062.4085000000005,0,0,chunk_019.csv
2023-04-06,zh,468,6150,69.47279999999988,43.32353896,26.665999999999954,1.521,439.80900000000116,9563083,1385120.7436999998,0,0,chunk_019.csv
2023-04-07,ar,213,718,8.075900000000003,11.079893409999997,3.440999999999999,1.2650000000000001,208.29299999999998,6201354,17276.722299999998,0,0,chunk_019.csv
2023-04-07,bg,43,39,0.0,0.0,0.0,0.0,43.0,53449,0.0,0,0,chunk_019.csv
2023-04-07,bn,54,44,-2.0749,1.53116773,0.0,0.898,53.102000000000004,2514056,-622.1704,0,0,chunk_019.csv
2023-04-07,ca,177,679,2.4054000000000015,20.341372839999988,10.253999999999998,8.005999999999998,158.74100000000004,1767885,126418.09779999997,0,0,chunk_019.csv
2023-04-07,cs,133,617,6.9614,8.148056760000001,2.71,1.385,128.905,169528,4818.773700000002,0,0,chunk_019.csv
2023-04-07,cy,15,19,1.7913999999999999,2.9743437,0.8420000000000001,0.47600000000000003,13.681999999999999,22904,-1463.2125000000005,0,0,chunk_019.csv
2023-04-07,da,94,85,-14.945499999999994,13.07519135,1.288,9.377999999999998,83.33599999999997,4405563,-5082.459100000001,0,0,chunk_019.csv
2023-04-07,de,8971,840937,-3036.818999999952,2878.222800659903,152.36399999999867,879.6880000000058,7938.858999999931,75940793,-11181688.71809997,0,0,chunk_019.csv
2023-04-07,el,312,1044,8.763300000000001,10.70722815,3.5189999999999997,1.492,306.9889999999999,2232274,209874.43150000004,0,0,chunk_019.csv
2023-04-07,en,75090,17844888,-6876.451700000888,23948.10301247193,6247.370000000389,7587.531999999417,61256.36700000003,871307098,-39293436.54230036,0,0,chunk_019.csv
2023-04-07,es,7666,2999993,-374.86869999999874,469.1538919300092,96.92899999999946,177.01299999999907,7391.833000000053,145558814,-5295916.887100016,0,0,chunk_019.csv
2023-04-07,et,187,9184,2.2855000000000003,7.879193009999999,3.848,2.2790000000000004,180.872,271638,-5903.260300000001,0,0,chunk_019.csv
2023-04-07,eu,48,0,0.0,0.0,0.0,0.0,48.0,14389,0.0,0,0,chunk_019.csv
2023-04-07,fa,60,67,-1.7929,1.3937389700000002,0.079,0.391,59.529999999999994,40929,-152.58110000000002,0,0,chunk_019.csv
2023-04-07,fi,265,1496,-9.448399999999994,20.107031099999993,4.009999999999999,10.635999999999994,250.35399999999996,663228,16344.314499999995,0,0,chunk_019.csv
2023-04-07,fr,8286,3025889,185.5063000000044,675.8421251300041,154.77100000000038,118.4040000000002,8012.839000000097,210796080,-761789.2179999987,0,0,chunk_019.csv
2023-04-07,gu,60,6,-0.4939,0.24393721000000002,0.0,0.176,59.824,9570897,-62.725300000000004,0,0,chunk_019.csv
2023-04-07,hi,478,13664,4.743700000000001,12.158130409999997,3.364,1.9800000000000002,472.65599999999984,284947524,-7148042.932100002,0,0,chunk_019.csv
2023-04-07,ht,85,15,-26.71760000000001,20.99194902,1.571,15.634999999999998,67.794,52714,-4446.3608,0,0,chunk_019.csv
2023-04-07,hu,13,164,1.8023,1.2061316499999999,0.562,0.0,12.438,110016,19310.256100000002,0,0,chunk_019.csv
2023-04-07,in,394,825,22.41089999999999,36.31035134999999,12.490999999999998,7.8969999999999985,373.61,9091293,75118.73559999996,0,0,chunk_019.csv
2023-04-07,is,19,1,0.0,0.0,0.0,0.0,19.0,23016,0.0,0,0,chunk_019.csv
2023-04-07,it,4319,132669,479.76109999998937,367.6276258499928,144.75299999999876,45.37200000000005,4128.874999999998,31810288,2315350.1109999954,0,0,chunk_019.csv
2023-04-07,iw,49,0,0.0,0.0,0.0,0.0,49.0,21728,0.0,0,0,chunk_019.csv
2023-04-07,ja,711,32441,43.60009999999998,46.91317397000001,23.383999999999993,7.9159999999999995,679.7000000000005,2638635,97149.52690000001,0,0,chunk_019.csv
2023-04-07,ka,24,2,0.0,0.0,0.0,0.0,24.0,7393,0.0,0,0,chunk_019.csv
2023-04-07,km,2,0,0.0,0.0,0.0,0.0,2.0,1545,0.0,0,0,chunk_019.csv
2023-04-07,kn,25,2,-0.4767,0.22724289,0.0,0.147,24.853,726727,-160938.687,0,0,chunk_019.csv
2023-04-07,ko,105,28129,0.35729999999999995,8.171792469999998,1.646,2.2179999999999995,101.13599999999998,30314,4931.347200000002,0,0,chunk_019.csv
2023-04-07,lt,46,0,20.5497,11.739585910000011,11.781000000000004,0.0,34.21900000000003,13998,5162.594799999997,0,0,chunk_019.csv
2023-04-07,lv,36,89,-12.969299999999995,7.762721609999999,0.074,6.887000000000001,29.039000000000012,15554,-3740.7461000000008,0,0,chunk_019.csv
2023-04-07,ml,10,1,0.0,0.0,0.0,0.0,10.0,743113,0.0,0,0,chunk_019.csv
2023-04-07,mr,20,7,-2.3375000000000004,1.38180641,0.176,0.805,19.019,2584962,-5823.8863,0,0,chunk_019.csv
2023-04-07,my,5,0,0.0,0.0,0.0,0.0,5.0,629,0.0,0,0,chunk_019.csv
2023-04-07,ne,8,25,-0.4019,0.16152360999999998,0.0,0.08,7.92,85942,-17454.517,0,0,chunk_019.csv
2023-04-07,nl,416,6655,-70.94990000000008,55.85103737000004,2.7609999999999997,23.641000000000012,389.5980000000002,637960,-114254.93560000006,0,0,chunk_019.csv
2023-04-07,no,57,4114,3.369899999999999,2.12517375,2.099,0.115,54.78600000000002,136137,9855.489100000004,0,0,chunk_019.csv
2023-04-07,or,4,0,0.6705,0.44957025,0.124,0.0,3.876,1353853,59.004,0,0,chunk_019.csv
2023-04-07,pa,6,0,0.0,0.0,0.0,0.0,6.0,705314,0.0,0,0,chunk_019.csv
2023-04-07,pl,631,68945,7.423900000000008,41.68197117000001,16.617000000000004,7.003,607.3799999999997,3349141,32416.78620000001,0,0,chunk_019.csv
2023-04-07,ps,2,0,0.0,0.0,0.0,0.0,2.0,45006,0.0,0,0,chunk_019.csv
2023-04-07,pt,971,34799,-94.55170000000012,48.87424054999988,4.705,19.86999999999999,946.4259999999962,10040377,-353609.3797999999,0,0,chunk_019.csv
2023-04-07,ro,222,1511,-24.071900000000003,29.31733423,7.310000000000001,14.26299999999999,200.42599999999987,1060673,-231685.89510000008,0,0,chunk_019.csv
2023-04-07,ru,1598,36945,38.235,37.452469799999974,21.579000000000008,5.719,1570.703,2773832,31073.962699999996,0,0,chunk_019.csv
2023-04-07,sd,2,0,0.0,0.0,0.0,0.0,2.0,39,0.0,0,0,chunk_019.csv
2023-04-07,si,3,0,0.5267,0.27741288999999997,0.078,0.0,2.922,5603,2876.8353999999995,0,0,chunk_019.csv
2023-04-07,sl,41,60,-1.3411,2.06776111,0.524,1.047,39.428999999999995,42823,-2276.6055,0,0,chunk_019.csv
2023-04-07,sr,30,0,0.0,0.0,0.0,0.0,30.0,8511,0.0,0,0,chunk_019.csv
2023-04-07,sv,135,562,-23.223300000000012,18.641138310000013,0.712,11.598000000000003,122.68999999999996,322780,-28967.84940000001,0,0,chunk_019.csv
2023-04-07,ta,94,5777,-2.0906000000000002,2.43195736,0.222,0.9460000000000001,92.832,28265848,-1314047.5831,0,0,chunk_019.csv
2023-04-07,te,30,2,-0.6923,0.18268769,0.143,0.332,29.525,564042,-35291.4979,0,0,chunk_019.csv
2023-04-07,th,158,2304,15.826000000000002,11.649397320000002,4.987000000000001,0.666,152.34700000000004,114243,-1067.8192000000004,0,0,chunk_019.csv
2023-04-07,tl,90,293,-4.7219999999999995,19.90868147999999,4.997999999999999,9.435,75.56699999999996,259259,-46068.1362,0,0,chunk_019.csv
2023-04-07,tr,570,27025,8.651200000000003,13.600007640000007,5.644999999999998,2.5989999999999993,561.7570000000001,6360162,21873.577899999997,0,0,chunk_019.csv
2023-04-07,uk,2733,20142,122.51479999999982,141.89054103999985,70.00000000000003,30.084000000000017,2632.9280000000067,7765690,78487.63389999993,0,0,chunk_019.csv
2023-04-07,und,5528,44884,392.80609999999956,586.7737155300028,286.1730000000004,141.08299999999994,5100.802000000014,19278852,1582455.1028000002,0,0,chunk_019.csv
2023-04-07,ur,261,15929,1.8470000000000002,4.583295100000001,1.5539999999999998,1.1720000000000002,258.274,25322189,2908985.1501999996,0,0,chunk_019.csv
2023-04-07,vi,220,196,16.268900000000002,23.884249349999994,9.561,1.72,208.719,158070,-2079.7915000000003,0,0,chunk_019.csv
2023-04-07,zh,377,4416,26.012200000000018,16.484559360000002,10.982999999999997,1.555,364.46200000000033,5061548,177649.443,0,0,chunk_019.csv
2023-04-08,ar,121,278,1.9718,3.64265728,1.3880000000000001,0.5860000000000001,119.026,3401340,-2814.6488999999992,0,0,chunk_019.csv
2023-04-08,bg,39,43,-0.9534,0.45448578,0.0,0.14,38.86,14925,-85.806,0,0,chunk_019.csv
2023-04-08,bn,46,5,-0.37310000000000004,0.41049205000000005,0.091,0.275,45.634,3328869,-21989.417,0,0,chunk_019.csv
2023-04-08,ca,107,535,-1.5978000000000006,8.564362619999999,2.766,4.077,100.15699999999998,728632,16266.4149,0,0,chunk_019.csv
2023-04-08,ckb,1,1,0.0,0.0,0.0,0.0,1.0,95,0.0,0,0,chunk_019.csv
2023-04-08,cs,100,487,9.3008,9.76954308,4.157,1.0070000000000001,94.836,115681,16030.0272,0,0,chunk_019.csv
2023-04-08,cy,11,13,-0.1613,0.8249224500000001,0.503,0.39799999999999996,10.099,2798,619.3112,0,0,chunk_019.csv
2023-04-08,da,77,93,-14.998699999999996,10.42452501,0.935,8.111000000000002,67.95399999999998,122924,-8701.311500000002,0,0,chunk_019.csv
2023-04-08,de,7870,584382,-3210.6656999999814,2766.62467872991,117.93500000000034,1000.5599999999854,6751.60499999991,59873952,-8380006.525800003,0,0,chunk_019.csv
2023-04-08,el,291,1708,-2.5429,5.417180410000001,0.644,1.385,288.97,805688,-1155.2282000000005,0,0,chunk_019.csv
2023-04-08,en,66096,13977721,-6878.951100001215,20079.692179110578,5290.335999999789,6837.094000000025,53967.92499999687,514513760,-44329503.652399816,0,0,chunk_019.csv
2023-04-08,es,6285,2042912,-598.6995000000137,871.5925448699969,97.81599999999943,193.94199999999825,5993.166999999903,97859113,-6445050.714500004,0,0,chunk_019.csv
2023-04-08,et,129,4362,11.986900000000002,16.233664790000002,6.978000000000001,3.715999999999999,118.30800000000005,121547,18092.670900000005,0,0,chunk_019.csv
2023-04-08,eu,46,44,-0.256,0.032768,0.0,0.26,45.74,263578,-30633.728000000003,0,0,chunk_019.csv
2023-04-08,fa,51,43,-0.7391,1.11555821,0.118,0.201,50.681,708673,-170.02390000000003,0,0,chunk_019.csv
2023-04-08,fi,291,1292,-7.55839999999999,19.798389619999995,4.477,9.568999999999997,276.954,608187,14263.9047,0,0,chunk_019.csv
2023-04-08,fr,7374,1395933,-64.96200000000138,815.0176368599787,167.76199999999633,205.493000000002,7000.1370000002225,29174805,-2306676.3375000004,0,0,chunk_019.csv
2023-04-08,gu,50,7,-3.2371000000000003,1.8210712100000004,0.0,0.9329999999999999,49.067,5324569,-299300.378,0,0,chunk_019.csv
2023-04-08,hi,340,2483,-12.5379,17.47270291,1.7790000000000001,6.307000000000001,331.91400000000004,203017023,-3381577.9662000006,0,0,chunk_019.csv
2023-04-08,ht,61,26,-21.933400000000002,16.368360479999996,1.517,12.626,46.857,44505,-4055.8847000000023,0,0,chunk_019.csv
2023-04-08,hu,14,15,0.5376,1.7212348800000001,0.549,0.21,13.241000000000001,138461,96.20759999999999,0,0,chunk_019.csv
2023-04-08,in,297,2913,-7.364800000000002,15.468431180000001,4.934,7.8229999999999995,284.24299999999994,483498,-46098.8991,0,0,chunk_019.csv
2023-04-08,is,26,0,0.0,0.0,0.0,0.0,26.0,7254,0.0,0,0,chunk_019.csv
2023-04-08,it,3971,153981,266.75250000000153,238.4462159700006,87.29000000000023,34.635000000000176,3849.0819999999626,28924804,2813411.7054000027,0,0,chunk_019.csv
2023-04-08,iw,53,1,0.0,0.0,0.0,0.0,53.0,50805,0.0,0,0,chunk_019.csv
2023-04-08,ja,375,14529,2.514300000000001,20.626050949999996,8.395,6.472000000000003,360.13199999999995,1271894,-12458.710699999994,0,0,chunk_019.csv
2023-04-08,ka,18,0,0.0,0.0,0.0,0.0,18.0,5022,0.0,0,0,chunk_019.csv
2023-04-08,km,1,0,0.0,0.0,0.0,0.0,1.0,728,0.0,0,0,chunk_019.csv
2023-04-08,kn,32,6,0.0,0.0,0.0,0.0,32.0,621604,0.0,0,0,chunk_019.csv
2023-04-08,ko,85,14,-1.3983000000000005,7.718564669999999,1.3800000000000003,2.427,81.19200000000001,107796,-736.1251000000002,0,0,chunk_019.csv
2023-04-08,lt,35,13,12.598700000000001,7.835859730000005,8.247000000000003,0.677,26.076000000000008,15562,3218.060099999999,0,0,chunk_019.csv
2023-04-08,lv,32,57,-14.508199999999995,8.8706148,0.134,7.008,24.858000000000008,24944,-6200.586400000001,0,0,chunk_019.csv
2023-04-08,ml,7,0,0.0,0.0,0.0,0.0,7.0,466905,0.0,0,0,chunk_019.csv
2023-04-08,mr,8,2,-0.08879999999999999,0.6199927200000002,0.163,0.196,7.641,2466910,-95.28239999999994,0,0,chunk_019.csv
2023-04-08,my,3,2,-0.6364,0.20250247999999998,0.0,0.266,2.734,10513,-3337.2816,0,0,chunk_019.csv
2023-04-08,ne,3,1,0.0,0.0,0.0,0.0,3.0,48937,0.0,0,0,chunk_019.csv
2023-04-08,nl,246,1682,-42.71180000000002,35.811611719999995,2.03,18.097999999999992,225.8719999999999,329537,-73643.2652,0,0,chunk_019.csv
2023-04-08,no,36,80,-0.35480000000000006,0.33695504000000004,0.294,0.422,35.284000000000006,24558,-329.81840000000005,0,0,chunk_019.csv
2023-04-08,or,6,0,-0.5994,0.3592803600000001,0.0,0.281,5.718999999999999,335802,-2587.0104,0,0,chunk_019.csv
2023-04-08,pa,9,11,-0.8316,0.69155856,0.0,0.302,8.698,523770,-62055.6552,0,0,chunk_019.csv
2023-04-08,pl,354,12058,-5.197799999999994,35.67432013999998,7.515000000000005,7.666000000000001,338.8190000000002,5508032,37660.547500000015,0,0,chunk_019.csv
2023-04-08,ps,4,5,0.0,0.0,0.0,0.0,4.0,59303,0.0,0,0,chunk_019.csv
2023-04-08,pt,808,18073,-30.44499999999994,53.04589561999992,13.217000000000008,16.214999999999993,778.5690000000008,4358207,987548.2963999996,0,0,chunk_019.csv
2023-04-08,ro,189,19498,-15.527999999999995,17.541379480000007,3.3109999999999995,7.809000000000003,177.87999999999997,854392,-107888.46440000003,0,0,chunk_019.csv
2023-04-08,ru,1453,37340,27.971700000000013,28.006027769999985,15.337999999999996,5.499999999999999,1432.1630000000002,2637868,11557.021999999999,0,0,chunk_019.csv
2023-04-08,sd,2,0,0.0,0.0,0.0,0.0,2.0,208,0.0,0,0,chunk_019.csv
2023-04-08,si,1,0,0.0,0.0,0.0,0.0,1.0,22,0.0,0,0,chunk_019.csv
2023-04-08,sl,41,7,0.07950000000000002,0.7163363700000001,0.457,0.338,40.205,59268,-1362.4715999999999,0,0,chunk_019.csv
2023-04-08,sr,36,0,0.0,0.0,0.0,0.0,36.0,66706,0.0,0,0,chunk_019.csv
2023-04-08,sv,248,3533,-9.224700000000004,51.123639350000055,9.728,12.803999999999997,225.46800000000022,847538,203392.4376999998,0,0,chunk_019.csv
2023-04-08,ta,60,113,-1.9705000000000001,1.3140816100000001,0.0,0.739,59.260999999999996,19255970,-1509585.5909000002,0,0,chunk_019.csv
2023-04-08,te,29,0,-0.8316,0.69155856,0.0,0.281,28.719,365231,-47232.3852,0,0,chunk_019.csv
2023-04-08,th,67,384,5.6124,4.662927659999999,2.234,0.34700000000000003,64.42000000000002,592712,501.51079999999996,0,0,chunk_019.csv
2023-04-08,tl,79,243,-12.304400000000003,21.638910540000005,2.9909999999999997,11.157999999999994,64.84299999999999,209293,22253.813000000006,0,0,chunk_019.csv
2023-04-08,tr,334,11691,17.4657,19.11051533,6.794999999999999,1.4219999999999997,325.78200000000004,1620339,8896.045900000001,0,0,chunk_019.csv
2023-04-08,uk,2522,21044,114.91879999999956,166.66572027999945,77.61799999999988,31.813000000000038,2412.58,6195054,74730.47320000007,0,0,chunk_019.csv
2023-04-08,und,4911,31989,298.1904999999991,512.8265559500039,248.79199999999946,118.26199999999987,4543.933999999991,17200089,2291850.4341999986,0,0,chunk_019.csv
2023-04-08,ur,85,664,-0.8622000000000001,0.4808402000000001,0.12,0.366,84.51400000000001,17882839,-2637185.2118000006,0,0,chunk_019.csv
2023-04-08,vi,203,209,1.1370999999999993,36.43375861000001,10.724999999999998,5.3690000000000015,186.90599999999992,109956,-6459.7737,0,0,chunk_019.csv
2023-04-08,zh,123,935,2.655,1.93130534,1.579,0.22799999999999998,121.19300000000001,2010486,17563.408500000005,0,0,chunk_019.csv
2023-04-09,am,3,0,0.4019,0.16152360999999998,0.216,0.128,2.656,200414,639.8248,0,0,chunk_019.csv
2023-04-09,ar,131,200,2.088200000000001,3.9231764600000014,0.899,0.599,129.502,6444507,212566.68910000008,0,0,chunk_019.csv
2023-04-09,bg,31,2,0.4588,0.21049743999999998,0.12,0.0,30.88,116191,43.1272,0,0,chunk_019.csv
2023-04-09,bn,31,2,-0.5994,0.3592803600000001,0.0,0.206,30.794,2874022,-4586.0094,0,0,chunk_019.csv
2023-04-09,ca,304,38236,-65.50659999999974,39.61518605999997,4.544,60.60199999999985,238.85400000000126,1366321,148738.91819999996,0,0,chunk_019.csv
2023-04-09,cs,147,1032,7.6084000000000005,7.724066160000003,3.2330000000000014,0.8740000000000001,142.89199999999994,359186,17295.579999999998,0,0,chunk_019.csv
2023-04-09,cy,29,184,7.0226999999999995,5.27683175,3.882000000000001,0.32799999999999996,24.790000000000003,214872,60688.1934,0,0,chunk_019.csv
2023-04-09,da,98,24,0.7247000000000003,16.569349089999992,4.429999999999999,6.470000000000001,87.09999999999988,77732,-20730.43229999997,0,0,chunk_019.csv
2023-04-09,de,5887,342899,-2189.9045000000133,2016.426833289999,104.41599999999995,666.7199999999956,5115.9519999999875,57062203,-15904357.718800006,0,0,chunk_019.csv
2023-04-09,el,273,3588,-2.6868000000000003,4.3931958600000005,0.486,1.097,271.417,1062377,-4312.512299999999,0,0,chunk_019.csv
2023-04-09,en,66775,63214852,-16699.61780000167,27026.860244762527,4927.668000000026,8847.503999998507,52999.14299999837,527327028,-115710777.31940027,0,0,chunk_019.csv
2023-04-09,es,5625,1780143,-236.59289999999956,466.0931319100061,79.39099999999941,122.85500000000114,5422.68999999999,101000830,-8448464.05350002,0,0,chunk_019.csv
2023-04-09,et,146,652,-0.4814000000000004,14.3267907,4.537,6.317,135.14700000000005,79783,-683.737699999999,0,0,chunk_019.csv
2023-04-09,eu,42,0,0.0,0.0,0.0,0.0,42.0,12141,0.0,0,0,chunk_019.csv
2023-04-09,fa,40,7,-3.6322,3.2603453400000006,0.185,0.768,39.047,22453,-1311.132,0,0,chunk_019.csv
2023-04-09,fi,244,3078,-7.421599999999998,15.098276939999995,2.832,8.021,233.14699999999996,342758,12853.495199999992,0,0,chunk_019.csv
2023-04-09,fr,6635,1875875,387.6725000000029,877.1147511499973,226.50499999999968,168.1840000000004,6240.199999999995,17973146,313289.6458000006,0,0,chunk_019.csv
2023-04-09,gu,37,0,-0.08879999999999999,0.6199927200000002,0.099,0.103,36.798,3036602,305092.047,0,0,chunk_019.csv
2023-04-09,hi,355,13160,-0.8051999999999997,8.39884488,2.5860000000000007,2.4160000000000004,349.9979999999999,61585745,-1379862.8032000004,0,0,chunk_019.csv
2023-04-09,ht,72,14,-26.89720000000001,19.328090779999997,1.407,15.167999999999997,55.425,98487,4421.478000000031,0,0,chunk_019.csv
2023-04-09,hu,18,19,6.954900000000001,5.799299289999999,2.421,0.31,15.268999999999998,122180,8097.090000000002,0,0,chunk_019.csv
2023-04-09,in,290,945,-19.427699999999994,25.383387649999996,4.878,12.445000000000002,272.6770000000001,391818,-20038.0515,0,0,chunk_019.csv
2023-04-09,is,27,106,-0.874,0.763876,0.0,0.408,26.592,79441,-226.366,0,0,chunk_019.csv
2023-04-09,it,3521,178553,201.17020000000005,214.66174378000088,74.50599999999987,40.28600000000021,3406.219000000032,20318222,1210391.7763999985,0,0,chunk_019.csv
2023-04-09,iw,55,2,1.604,1.2864080000000002,0.35,0.0,54.650000000000006,36530,2806.1980000000003,0,0,chunk_019.csv
2023-04-09,ja,529,15919,27.114200000000015,42.50564731999998,16.183000000000003,7.031999999999995,505.8010000000006,2106110,110454.9598,0,0,chunk_019.csv
2023-04-09,ka,20,0,0.0,0.0,0.0,0.0,20.0,5580,0.0,0,0,chunk_019.csv
2023-04-09,kn,26,2,0.0,0.0,0.0,0.0,26.0,273839,0.0,0,0,chunk_019.csv
2023-04-09,ko,107,9948,-0.02800000000000058,7.234616580000001,1.534,2.16,103.305,34902,9579.1741,0,0,chunk_019.csv
2023-04-09,lt,44,22,17.715700000000002,10.231821730000007,11.589000000000004,0.151,32.26000000000002,18999,5976.549100000003,0,0,chunk_019.csv
2023-04-09,lv,46,162,-13.802799999999994,7.949472359999999,0.0,6.812,39.187999999999995,39682,-3443.315400000001,0,0,chunk_019.csv
2023-04-09,ml,7,1,0.0,0.0,0.0,0.0,7.0,1016046,0.0,0,0,chunk_019.csv
2023-04-09,mr,3,1,0.34,0.11560000000000002,0.082,0.0,2.918,752644,91881.94,0,0,chunk_019.csv
2023-04-09,ne,3,3,0.0,0.0,0.0,0.0,3.0,1095,0.0,0,0,chunk_019.csv
2023-04-09,nl,253,1650,-13.54969999999998,35.387775549999944,8.018999999999998,15.039999999999992,229.94100000000014,459281,18321.285099999994,0,0,chunk_019.csv
2023-04-09,no,48,15,-5.117900000000001,3.90831353,0.324,2.226,45.452000000000005,26297,-2886.8915,0,0,chunk_019.csv
2023-04-09,or,4,1,-0.5994,0.3592803600000001,0.0,0.218,3.782,143481,-724.6746,0,0,chunk_019.csv
2023-04-09,pa,4,0,-0.7717,0.5955208900000001,0.0,0.295,3.705,282541,-35765.979900000006,0,0,chunk_019.csv
2023-04-09,pl,390,9048,-36.76860000000002,47.97554371999998,8.601999999999999,17.240999999999985,364.16299999999984,1031754,-241394.9934000002,0,0,chunk_019.csv
2023-04-09,ps,3,4,0.0,0.0,0.0,0.0,3.0,78367,0.0,0,0,chunk_019.csv
2023-04-09,pt,645,8918,-18.88359999999999,26.258355920000014,6.2509999999999994,9.64099999999999,629.105,4437416,138109.26399999994,0,0,chunk_019.csv
2023-04-09,ro,80,34053,-0.9892000000000001,7.616357359999998,2.2430000000000008,2.673,75.083,141194,4512.768399999999,0,0,chunk_019.csv
2023-04-09,ru,1537,40799,35.104899999999994,37.86207535000001,18.447000000000006,5.33,1513.2219999999995,3310187,27051.129200000007,0,0,chunk_019.csv
2023-04-09,sd,1,4,0.0,0.0,0.0,0.0,1.0,917,0.0,0,0,chunk_019.csv
2023-04-09,si,2,0,0.0,0.0,0.0,0.0,2.0,17918,0.0,0,0,chunk_019.csv
2023-04-09,sl,33,8,-0.5066999999999999,0.8227301499999999,0.448,0.519,32.033,9325,-87.0602,0,0,chunk_019.csv
2023-04-09,sr,24,0,0.0,0.0,0.0,0.0,24.0,18954,0.0,0,0,chunk_019.csv
2023-04-09,sv,163,2861,-31.641400000000015,32.563625,3.1749999999999994,13.958999999999996,145.86599999999999,362875,-9978.070100000003,0,0,chunk_019.csv
2023-04-09,ta,35,6846,-1.1988,0.7185607200000002,0.0,0.41900000000000004,34.581,17388779,-1047983.7672,0,0,chunk_019.csv
2023-04-09,te,30,0,-1.2943,0.89571265,0.0,0.571,29.429,70353,-3611.5723,0,0,chunk_019.csv
2023-04-09,th,173,4222,10.2868,7.3518963,3.801,0.22199999999999998,168.97400000000002,153964,3833.1567999999997,0,0,chunk_019.csv
2023-04-09,tl,51,72,-13.975799999999994,13.328298579999997,1.423,8.850000000000001,40.72700000000001,16729,-5482.564800000002,0,0,chunk_019.csv
2023-04-09,tr,264,5769,6.1105,12.241379350000003,3.7340000000000004,2.4619999999999997,257.8040000000001,1115321,28856.543199999993,0,0,chunk_019.csv
2023-04-09,uk,2506,30088,91.71489999999976,134.3657651499999,63.28700000000006,27.512,2415.210000000003,4653248,105237.66240000009,0,0,chunk_019.csv
2023-04-09,und,4645,34692,231.25279999999952,414.38933748000215,201.94599999999994,111.45200000000003,4331.594000000002,13292125,1233082.998799998,0,0,chunk_019.csv
2023-04-09,ur,74,517,1.1991999999999998,1.2464857599999999,0.26,0.075,73.665,2490930,1331.8579999999997,0,0,chunk_019.csv
2023-04-09,vi,210,385,16.749699999999997,20.16670993,9.222999999999999,0.6590000000000001,200.11799999999997,143808,250.99830000000028,0,0,chunk_019.csv
2023-04-09,zh,153,391,1.4901,4.75581995,2.448,1.7160000000000002,148.837,4661322,164756.97530000002,0,0,chunk_019.csv
2023-04-10,am,9,16,0.0,0.0,0.0,0.0,9.0,1050295,0.0,0,0,chunk_019.csv
2023-04-10,ar,224,1134,1.663499999999999,4.988623570000001,2.455999999999999,2.1210000000000004,219.409,4986523,37659.938100000014,0,0,chunk_019.csv
2023-04-10,bg,41,28,-0.8016000000000001,0.32441760000000003,0.0,0.279,40.721,144887,-362.2128,0,0,chunk_019.csv
2023-04-10,bn,36,8,-0.5001000000000001,1.78484423,0.302,0.6990000000000001,34.998999999999995,6775691,-46083.5067,0,0,chunk_019.csv
2023-04-10,ca,252,49182,-45.18319999999983,38.96598721999995,6.4350000000000005,50.22099999999993,195.344,2807825,1312929.0930000003,0,0,chunk_019.csv
2023-04-10,cs,157,2568,10.063400000000012,14.573537820000018,11.157,2.7350000000000017,143.108,523463,42257.105900000024,0,0,chunk_019.csv
2023-04-10,cy,14,17,-1.2246,1.2236918599999997,0.313,0.533,13.154,13996,-1074.3774999999998,0,0,chunk_019.csv
2023-04-10,da,69,50,-11.307199999999996,12.503174459999999,2.083,6.997000000000002,59.92,129390,-1289.9592000000011,0,0,chunk_019.csv
2023-04-10,de,6024,353878,-2408.2477000000063,2052.5580309899624,64.1099999999999,681.3839999999984,5278.5199999999995,84772180,-19440859.705699984,0,0,chunk_019.csv
2023-04-10,el,247,928,5.281199999999999,6.33576842,2.8580000000000005,0.88,243.26199999999992,2097745,165517.98790000004,0,0,chunk_019.csv
2023-04-10,en,77940,43841415,-11485.592000001416,24962.610682445127,5585.300999999891,8505.320999999114,63848.76200000259,846808417,-70493528.24019949,0,0,chunk_019.csv
2023-04-10,es,6201,1402676,123.0666999999984,494.4303247500035,107.0719999999994,96.73400000000005,5997.160000000032,99328074,363680.9194000001,0,0,chunk_019.csv
2023-04-10,et,126,134,-2.1854000000000005,8.418692420000001,2.846,3.4230000000000005,119.73200000000003,91491,5795.9083,0,0,chunk_019.csv
2023-04-10,eu,52,5,-1.4444,0.93682746,0.0,0.602,51.398,56946,-5423.5031,0,0,chunk_019.csv
2023-04-10,fa,58,65,0.048900000000000055,0.9959507299999999,0.185,0.15,57.665,48794,-51.834799999999994,0,0,chunk_019.csv
2023-04-10,fi,273,2456,-13.962899999999998,23.745760229999995,6.071999999999999,13.238999999999985,253.68899999999988,605409,-87250.8458999999,0,0,chunk_019.csv
2023-04-10,fr,8251,1184960,45.119799999999906,457.42268837999774,114.58899999999845,111.85000000000092,8024.689999999922,142738759,4742086.7845999915,0,0,chunk_019.csv
2023-04-10,gu,70,19,0.5267,0.27741288999999997,0.108,0.0,69.892,8420415,66.89089999999999,0,0,chunk_019.csv
2023-04-10,hi,376,10935,-3.7304000000000004,9.890664140000004,3.012,4.463000000000001,368.5249999999999,120888805,-706953.4979,0,0,chunk_019.csv
2023-04-10,ht,73,27,-21.919000000000004,15.926340739999997,1.727,13.628999999999994,57.64299999999999,47275,-2314.964400000001,0,0,chunk_019.csv
2023-04-10,hu,19,211,1.2314,1.24447894,0.759,0.203,18.038,41078,256.9399,0,0,chunk_019.csv
2023-04-10,in,348,3707,-41.90450000000008,43.825895369999955,6.934999999999999,17.233999999999963,323.8299999999995,1610199,-218252.10269999996,0,0,chunk_019.csv
2023-04-10,is,33,2,0.0,0.0,0.0,0.0,33.0,12258,0.0,0,0,chunk_019.csv
2023-04-10,it,4611,178945,387.3489999999954,382.3380086199927,129.78599999999946,51.500000000000064,4429.708000000007,42762365,4252658.415600018,0,0,chunk_019.csv
2023-04-10,iw,49,2,0.0,0.0,0.0,0.0,49.0,51884,0.0,0,0,chunk_019.csv
2023-04-10,ja,861,48587,119.00350000000002,112.33346116999985,61.66399999999996,10.610999999999994,788.7410000000001,2913709,85241.76000000002,0,0,chunk_019.csv
2023-04-10,ka,22,2,0.0,0.0,0.0,0.0,22.0,6539,0.0,0,0,chunk_019.csv
2023-04-10,kn,35,22,0.0,0.0,0.0,0.0,35.0,972993,0.0,0,0,chunk_019.csv
2023-04-10,ko,155,39,0.9374000000000002,11.064082100000002,2.946,3.095,148.96000000000006,57844,394.7090999999998,0,0,chunk_019.csv
2023-04-10,lt,34,6,10.668800000000003,6.247195780000004,6.912000000000003,0.557,26.531000000000006,12386,3136.094399999999,0,0,chunk_019.csv
2023-04-10,lv,51,204,-10.774799999999997,6.7733889000000005,0.094,5.902,45.004,35388,-3708.7964000000006,0,0,chunk_019.csv
2023-04-10,ml,8,0,-1.248,0.7799623200000001,0.0,0.616,7.3839999999999995,159484,-50753.73300000001,0,0,chunk_019.csv
2023-04-10,mr,8,2,0.021199999999999997,0.24606544000000002,0.077,0.091,7.832,1188290,-292.4952,0,0,chunk_019.csv
2023-04-10,my,2,0,0.0,0.0,0.0,0.0,2.0,1688488,0.0,0,0,chunk_019.csv
2023-04-10,ne,4,0,0.0,0.0,0.0,0.0,4.0,284412,0.0,0,0,chunk_019.csv
2023-04-10,nl,350,2436,-53.008600000000044,49.473439580000054,6.310999999999997,21.82299999999998,321.8639999999995,650989,17825.68540000007,0,0,chunk_019.csv
2023-04-10,no,43,3884,-1.6196000000000002,1.32303566,0.286,0.879,41.835,27877,-1477.5445000000002,0,0,chunk_019.csv
2023-04-10,or,8,1,-0.8316,0.69155856,0.0,0.238,7.7620000000000005,635593,-123479.2944,0,0,chunk_019.csv
2023-04-10,pa,8,0,-0.6981999999999999,0.608421,0.081,0.23800000000000002,7.681000000000001,984876,-161370.24240000002,0,0,chunk_019.csv
2023-04-10,pl,869,103116,-50.63340000000001,45.95299363999998,5.571,19.354000000000006,844.0780000000003,2813134,-242559.86159999997,0,0,chunk_019.csv
2023-04-10,ps,1,0,0.0,0.0,0.0,0.0,1.0,21,0.0,0,0,chunk_019.csv
2023-04-10,pt,547,3663,-6.767899999999999,26.693689210000013,7.654000000000001,7.698999999999998,531.6440000000002,4884964,-96505.87450000002,0,0,chunk_019.csv
2023-04-10,ro,222,32205,-39.1369,35.83942965,6.573999999999998,21.011000000000003,194.41600000000005,2440551,-192915.4737,0,0,chunk_019.csv
2023-04-10,ru,1764,41959,42.670299999999976,42.94651703,22.56599999999999,7.040000000000001,1734.3929999999993,3359923,25677.429100000005,0,0,chunk_019.csv
2023-04-10,sd,1,0,0.0,0.0,0.0,0.0,1.0,20,0.0,0,0,chunk_019.csv
2023-04-10,si,1,0,0.0,0.0,0.0,0.0,1.0,154,0.0,0,0,chunk_019.csv
2023-04-10,sl,27,12,0.050400000000000014,0.0339869,0.201,0.102,26.697,20125,-156.103,0,0,chunk_019.csv
2023-04-10,sr,21,0,0.891,0.7938810000000001,0.392,0.196,20.412,6026,631.719,0,0,chunk_019.csv
2023-04-10,sv,120,848,-19.70440000000001,19.299592820000008,2.005,11.657999999999996,106.33599999999997,177761,-11260.640800000001,0,0,chunk_019.csv
2023-04-10,ta,65,11,-0.819,1.1564877,0.198,0.464,64.338,22573160,-67209.29209999999,0,0,chunk_019.csv
2023-04-10,te,29,5,-1.8202000000000003,1.1057674,0.0,0.5489999999999999,28.451,436085,-74899.35200000001,0,0,chunk_019.csv
2023-04-10,th,100,1295,16.1769,13.234189549999998,5.646000000000001,0.136,94.21700000000001,22965,1053.5043,0,0,chunk_019.csv
2023-04-10,tl,60,417,-1.2204999999999993,14.522597550000002,5.286,5.6000000000000005,49.114000000000004,162159,6062.027,0,0,chunk_019.csv
2023-04-10,tr,383,6850,26.818700000000018,30.226934890000017,9.808000000000007,3.3700000000000006,369.82099999999997,2660085,-149543.33650000003,0,0,chunk_019.csv
2023-04-10,uk,2381,24540,112.90199999999983,136.37429899999967,68.21500000000007,23.33000000000002,2289.4580000000024,5358922,43601.40959999997,0,0,chunk_019.csv
2023-04-10,und,6066,190951,241.03200000000137,626.7026809800004,313.08899999999716,283.44199999999705,5469.455999999909,20595755,-1450422.0720000018,0,0,chunk_019.csv
2023-04-10,ur,97,178,0.16819999999999943,2.3723369,0.9139999999999999,1.1099999999999999,94.97700000000003,17742884,-283667.75349999993,0,0,chunk_019.csv
2023-04-10,vi,216,410,10.4053,10.08451309,4.435,0.141,211.42399999999995,175950,2112.2376000000004,0,0,chunk_019.csv
2023-04-10,zh,139,284,4.162900000000001,3.6908270300000003,1.9649999999999999,0.828,136.207,2299014,83120.72900000002,0,0,chunk_019.csv
2023-04-11,am,3,6,0.0,0.0,0.0,0.0,3.0,515,0.0,0,0,chunk_019.csv
2023-04-11,ar,248,1869,-9.3946,11.844968360000003,2.3800000000000003,4.215,241.39800000000002,5621241,-92471.50480000001,0,0,chunk_019.csv
2023-04-11,bg,31,9,0.0,0.0,0.0,0.0,31.0,12956,0.0,0,0,chunk_019.csv
2023-04-11,bn,46,9,-3.9882,3.44492762,0.177,1.697,44.126000000000005,8832077,-1665334.5613000002,0,0,chunk_019.csv
2023-04-11,ca,199,7633,47.6708000000001,33.756362919999994,17.766999999999996,3.9720000000000004,177.26199999999992,2417789,1838515.8326000005,0,0,chunk_019.csv
2023-04-11,ckb,1,0,0.0,0.0,0.0,0.0,1.0,52,0.0,0,0,chunk_019.csv
2023-04-11,cs,118,362,-3.8955000000000024,16.73055531,5.175,3.6870000000000003,109.13799999999999,292223,-12870.2029,0,0,chunk_019.csv
2023-04-11,cy,13,0,-0.35640000000000005,0.27758214,0.455,0.316,12.229,11029,173.83120000000002,0,0,chunk_019.csv
2023-04-11,da,71,140,-14.191799999999995,11.047325419999998,1.371,7.980000000000002,61.64800000000001,68506,-11245.081799999996,0,0,chunk_019.csv
2023-04-11,de,8791,1411170,-3447.503999999965,2616.377624819956,59.80399999999984,925.3810000000061,7805.833000000024,103383857,-29175951.92880011,0,0,chunk_019.csv
2023-04-11,el,251,614,0.188599999999999,5.91277752,2.3240000000000003,1.8420000000000005,246.82999999999993,1856691,141566.8715,0,0,chunk_019.csv
2023-04-11,en,73966,13293177,-6610.395200000228,23316.922622940143,5834.090999999792,7405.703999999693,60726.45599999856,656979309,-29939145.88410004,0,0,chunk_019.csv
2023-04-11,es,8550,1789445,251.24599999999987,655.2582848799932,183.39900000000344,134.8909999999998,8231.830999999971,149718874,-762696.1612999995,0,0,chunk_019.csv
2023-04-11,et,90,16,1.5854,4.136280800000001,2.254,1.2699999999999998,86.47599999999998,104978,19928.7988,0,0,chunk_019.csv
2023-04-11,eu,51,151,0.0,0.0,0.0,0.0,51.0,73169,0.0,0,0,chunk_019.csv
2023-04-11,fa,37,5,-1.1949,1.36834121,0.335,0.563,36.101,47065,-188.7174,0,0,chunk_019.csv
2023-04-11,fi,150,405,-10.860799999999998,13.997524079999998,2.9269999999999996,8.495000000000003,138.57799999999995,309422,1950.0279,0,0,chunk_019.csv
2023-04-11,fr,9072,2559257,-1093.6832000000284,900.60319013997,86.31699999999977,296.19700000000034,8689.528999999942,288068505,-5778911.638800028,0,0,chunk_019.csv
2023-04-11,gu,51,10,-3.3749000000000002,2.0672283900000004,0.057,1.003,49.94,7354506,-319753.1405,0,0,chunk_019.csv
2023-04-11,hi,731,47916,-14.001199999999994,15.18084308,1.86,5.615000000000001,723.5249999999999,271477188,-505888.66059999994,0,0,chunk_019.csv
2023-04-11,ht,66,0,-26.09880000000001,18.776044779999996,2.2199999999999998,14.944999999999993,48.835,29070,-6085.025000000007,0,0,chunk_019.csv
2023-04-11,hu,30,68,2.6045000000000007,2.2355127900000005,0.9609999999999999,0.37,28.668999999999997,46678,2902.1781999999994,0,0,chunk_019.csv
2023-04-11,hy,1,0,-0.5994,0.3592803600000001,0.0,0.196,0.804,31,-18.581400000000002,0,0,chunk_019.csv
2023-04-11,in,360,669,2.0066000000000015,23.34891656,8.436,8.536000000000001,343.02900000000017,395390,3620.2457000000027,0,0,chunk_019.csv
2023-04-11,is,25,0,0.0,0.0,0.0,0.0,25.0,7081,0.0,0,0,chunk_019.csv
2023-04-11,it,4616,180174,401.3344999999955,407.3762924899942,125.5349999999999,47.88500000000005,4442.572000000019,36279777,2725636.7941999966,0,0,chunk_019.csv
2023-04-11,iw,59,31,0.0,0.0,0.0,0.0,59.0,34338,0.0,0,0,chunk_019.csv
2023-04-11,ja,325,13876,2.1512000000000007,23.585419519999956,11.158999999999999,7.001000000000005,306.8390000000001,472707,4527.444800000001,0,0,chunk_019.csv
2023-04-11,ka,24,0,0.0,0.0,0.0,0.0,24.0,6679,0.0,0,0,chunk_019.csv
2023-04-11,kn,38,6,0.12880000000000008,0.4064836,0.202,0.14,37.658,3833132,24754.785000000033,0,0,chunk_019.csv
2023-04-11,ko,112,52,0.3542000000000004,8.079684939999998,2.195,2.276,107.52900000000002,84631,2710.1854000000008,0,0,chunk_019.csv
2023-04-11,lt,31,6,12.841700000000001,7.371472250000004,7.344000000000003,0.0,23.656000000000006,17268,5189.7056,0,0,chunk_019.csv
2023-04-11,lv,39,38,-14.937799999999992,8.48792228,0.0,7.753000000000001,31.247000000000014,23882,-6114.893600000001,0,0,chunk_019.csv
2023-04-11,ml,8,0,-0.5994,0.3592803600000001,0.0,0.231,7.769,210756,-28719.6516,0,0,chunk_019.csv
2023-04-11,mr,8,8,-1.2498,0.78100002,0.0,0.347,7.6530000000000005,1499571,-6611.442,0,0,chunk_019.csv
2023-04-11,my,3,9,0.0,0.0,0.0,0.0,3.0,610576,0.0,0,0,chunk_019.csv
2023-04-11,ne,2,0,0.0,0.0,0.0,0.0,2.0,11449,0.0,0,0,chunk_019.csv
2023-04-11,nl,304,2291,-31.712100000000007,43.467698490000025,3.5890000000000013,16.912999999999993,283.4979999999998,498605,-13834.447299999993,0,0,chunk_019.csv
2023-04-11,no,42,6,0.15479999999999994,0.7527842199999999,0.166,0.396,41.438,332176,-18770.0002,0,0,chunk_019.csv
2023-04-11,or,2,0,0.0,0.0,0.0,0.0,2.0,236393,0.0,0,0,chunk_019.csv
2023-04-11,pa,7,0,-0.7704000000000001,0.9349776000000001,0.119,0.351,6.529999999999999,750721,-158649.1994,0,0,chunk_019.csv
2023-04-11,pl,644,76943,-41.710600000000056,59.992790419999956,12.010999999999997,17.144,614.845,5234930,-349284.4998000003,0,0,chunk_019.csv
2023-04-11,ps,1,0,-0.1027,0.010547289999999999,0.058,0.065,0.877,76906,-7898.2462,0,0,chunk_019.csv
2023-04-11,pt,649,15652,-12.614499999999987,32.47471865000005,7.205,9.806000000000004,631.99,3838208,852061.0148000004,0,0,chunk_019.csv
2023-04-11,ro,173,501,-2.407099999999998,16.262001390000012,4.7799999999999985,5.051999999999999,163.1670000000001,1495347,10592.135599999976,0,0,chunk_019.csv
2023-04-11,ru,1639,34545,18.17240000000001,20.79538595999999,11.605000000000004,4.7349999999999985,1622.662,3651268,26663.952700000013,0,0,chunk_019.csv
2023-04-11,sd,2,0,-0.3182,0.10125123999999999,0.0,0.103,1.897,207,-59.5034,0,0,chunk_019.csv
2023-04-11,si,4,0,0.0,0.0,0.0,0.0,4.0,4169,0.0,0,0,chunk_019.csv
2023-04-11,sl,33,5,0.4588,0.21049743999999998,0.081,0.0,32.919,78456,821.252,0,0,chunk_019.csv
2023-04-11,sr,23,2,0.4404,0.19395216,0.325,0.162,22.513,27009,75.7488,0,0,chunk_019.csv
2023-04-11,sv,169,2338,-26.170299999999997,20.50214885000001,1.3060000000000003,12.686,155.00499999999988,332259,-34767.552800000005,0,0,chunk_019.csv
2023-04-11,ta,77,164,1.9714,1.5471531399999998,0.725,0.175,76.1,37067322,38059.529700000036,0,0,chunk_019.csv
2023-04-11,te,49,8,0.6214000000000001,1.1778446,0.511,0.41100000000000003,48.077999999999996,1134576,-20126.303799999998,0,0,chunk_019.csv
2023-04-11,th,1313,1271715,7.1572,5.709655139999999,2.7090000000000005,0.33699999999999997,1309.954,623699,4672.840099999999,0,0,chunk_019.csv
2023-04-11,tl,72,87,-13.220399999999993,20.301994199999992,3.7980000000000005,8.388000000000003,59.81500000000001,59263,-5238.708300000002,0,0,chunk_019.csv
2023-04-11,tr,393,4364,56.657999999999994,61.83383276000005,19.75799999999999,2.9689999999999994,370.2730000000001,2774058,-49842.43250000001,0,0,chunk_019.csv
2023-04-11,uk,3281,36831,79.26739999999987,146.25015508000016,62.46699999999999,34.34600000000005,3184.188999999998,7250136,47176.793400000075,0,0,chunk_019.csv
2023-04-11,und,11689,308615,179.3652999999998,575.0410159900023,267.96399999999966,197.88399999999967,11223.150999999998,25694408,534365.6464999994,0,0,chunk_019.csv
2023-04-11,ur,91,106,0.9715,1.25840241,0.5640000000000001,0.144,90.29199999999999,9373788,9239.4868,0,0,chunk_019.csv
2023-04-11,vi,243,508,-4.775600000000001,28.31698439999999,6.866999999999998,4.982999999999998,231.15,175909,-39295.847799999945,0,0,chunk_019.csv
2023-04-11,zh,163,180,3.7799000000000005,4.28284417,2.3269999999999995,1.06,159.61300000000003,2979604,182884.9095,0,0,chunk_019.csv
2023-04-12,am,7,6,0.0,0.0,0.0,0.0,7.0,792918,0.0,0,0,chunk_019.csv
2023-04-12,ar,287,12609,-6.0957,7.2187507099999975,0.9039999999999999,2.971999999999999,283.12699999999995,2643145,-44154.60029999999,0,0,chunk_019.csv
2023-04-12,bg,50,31,1.1055000000000001,0.79438025,0.706,0.194,49.1,46976,252.01700000000002,0,0,chunk_019.csv
2023-04-12,bn,51,0,-2.6294,3.42887566,0.25,1.528,49.22200000000001,874744,-2525.8499,0,0,chunk_019.csv
2023-04-12,ca,169,3810,10.884399999999996,18.24217694,7.684999999999997,5.025,156.29100000000003,2618972,544418.0545000001,0,0,chunk_019.csv
2023-04-12,cs,134,397,-5.843400000000002,11.903717140000001,3.5340000000000007,4.798000000000001,125.66599999999998,409471,-153989.78660000002,0,0,chunk_019.csv
2023-04-12,cy,31,253,-0.06720000000000004,0.9595287000000001,0.299,0.295,30.406,16304,-61.57339999999999,0,0,chunk_019.csv
2023-04-12,da,89,51,-11.148599999999995,15.08421082,2.034,8.992,77.975,589300,135220.7208999999,0,0,chunk_019.csv
2023-04-12,de,8171,1062213,-2847.3025000000075,2289.280229289979,58.35800000000017,793.4239999999963,7319.275999999924,83069618,-29942197.018200032,0,0,chunk_019.csv
2023-04-12,el,305,1833,-15.995399999999998,13.888659839999999,1.271,9.165000000000001,294.565,1281630,78449.7863,0,0,chunk_019.csv
2023-04-12,en,81008,14653970,-5896.28770000082,26084.8815156928,6826.348000000618,8426.89900000005,65754.99099999889,831307606,-64189577.59599995,0,0,chunk_019.csv
2023-04-12,es,7083,1296065,56.49409999999867,476.4312820500004,124.12199999999972,112.83699999999963,6846.042999999991,147410551,-6684937.2837000005,0,0,chunk_019.csv
2023-04-12,et,128,13,-5.823899999999999,10.402776650000003,2.816,5.0760000000000005,120.10900000000002,188591,50408.8857,0,0,chunk_019.csv
2023-04-12,eu,55,61,2.0086,1.4409916600000001,0.6419999999999999,0.0,54.358,70284,2364.8305,0,0,chunk_019.csv
2023-04-12,fa,1089,449070,57.16009999999995,42.82907077,15.124000000000013,0.585,1073.2920000000001,592809,19167.805799999995,0,0,chunk_019.csv
2023-04-12,fi,287,3352,-26.12100000000001,20.108275659999993,1.647,14.233999999999988,271.1239999999999,665016,-12544.349500000004,0,0,chunk_019.csv
2023-04-12,fr,8590,3094410,-607.4453000000033,600.1187933100011,72.13600000000005,192.55499999999964,8325.345999999952,287248642,-1151541.8275000027,0,0,chunk_019.csv
2023-04-12,gu,60,22,-0.9254000000000002,0.76507886,0.088,0.381,59.531,10378560,-204720.7492,0,0,chunk_019.csv
2023-04-12,hi,518,9677,1.3558,19.185703839999995,4.658,4.703999999999999,508.64,301367167,-24374677.413999997,0,0,chunk_019.csv
2023-04-12,ht,70,9,-21.734399999999994,16.0995619,1.1419999999999997,12.583000000000002,56.27500000000001,59570,5976.6257999999925,0,0,chunk_019.csv
2023-04-12,hu,41,494,2.3609,1.4513835099999997,1.051,0.0,39.949,371546,9698.7354,0,0,chunk_019.csv
2023-04-12,hy,1,0,0.0,0.0,0.0,0.0,1.0,30,0.0,0,0,chunk_019.csv
2023-04-12,in,612,8030,-38.45620000000004,76.35635731999992,11.641,37.26400000000001,563.0940000000021,1801571,-526107.0297999999,0,0,chunk_019.csv
2023-04-12,is,1149,1422814,838.1040000000198,622.7112720000091,234.63899999999836,0.0,914.3610000000067,27956,16603.821000000025,0,0,chunk_019.csv
2023-04-12,it,4715,150969,286.79680000000076,384.51073585999546,125.76199999999965,63.59000000000001,4525.657999999989,28870445,3822112.5459999926,0,0,chunk_019.csv
2023-04-12,iw,55,2,0.0,0.0,0.0,0.0,55.0,22829,0.0,0,0,chunk_019.csv
2023-04-12,ja,557,16034,3.3268999999999953,45.178862410000015,13.966999999999997,11.914999999999996,531.1180000000006,2392141,-137668.8351,0,0,chunk_019.csv
2023-04-12,ka,26,0,0.0,0.0,0.0,0.0,26.0,7045,0.0,0,0,chunk_019.csv
2023-04-12,km,2,0,0.0,0.0,0.0,0.0,2.0,1010,0.0,0,0,chunk_019.csv
2023-04-12,kn,37,20,-0.23410000000000003,0.56601961,0.124,0.218,36.658,1383584,-326.18980000000005,0,0,chunk_019.csv
2023-04-12,ko,117,13,-1.1346000000000003,4.419416040000001,0.839,2.017,114.144,52836,5921.1305,0,0,chunk_019.csv
2023-04-12,lt,61,27,15.446800000000003,11.19357262000001,10.781000000000004,0.732,49.48700000000004,23493,3943.9502,0,0,chunk_019.csv
2023-04-12,lv,80,310,-16.810699999999994,10.736396409999998,0.434,9.455999999999996,70.10999999999997,111021,-6227.853100000006,0,0,chunk_019.csv
2023-04-12,ml,16,4,-0.3939,0.15515721,0.0,0.081,15.919,1004047,-58.2972,0,0,chunk_019.csv
2023-04-12,mr,16,10,0.0,0.0,0.0,0.0,16.0,1526453,0.0,0,0,chunk_019.csv
2023-04-12,my,4,15,0.0,0.0,0.0,0.0,4.0,610879,0.0,0,0,chunk_019.csv
2023-04-12,ne,2,1,-0.6124,0.37503376000000005,0.117,0.263,1.62,9547,-2660.2656,0,0,chunk_019.csv
2023-04-12,nl,553,42370,-29.98979999999998,34.60682702,4.099,15.395,533.508,769019,-46723.0092,0,0,chunk_019.csv
2023-04-12,no,39,11,0.8033999999999996,1.9316894199999999,0.473,0.464,38.063,23930,386.49170000000004,0,0,chunk_019.csv
2023-04-12,or,5,0,0.0,0.0,0.0,0.0,5.0,385477,0.0,0,0,chunk_019.csv
2023-04-12,pa,7,0,-0.6269000000000001,1.04563033,0.144,0.376,6.48,756475,-168578.3905,0,0,chunk_019.csv
2023-04-12,pl,700,25551,-25.04750000000001,38.781627749999956,5.377999999999998,15.89200000000001,678.7290000000002,6948950,-80386.9759,0,0,chunk_019.csv
2023-04-12,ps,3,1,0.9595,0.92064025,0.29,0.0,2.71,3891,1837.4425,0,0,chunk_019.csv
2023-04-12,pt,541,4925,-4.845900000000001,25.19335419000001,7.390000000000001,7.188999999999997,526.42,3855591,22509.444999999992,0,0,chunk_019.csv
2023-04-12,ro,221,6151,-9.8439,20.356012409999995,5.314000000000001,8.87,206.8250000000001,889791,-94487.55520000005,0,0,chunk_019.csv
2023-04-12,ru,1959,51555,20.507900000000006,36.35093612999997,16.427999999999997,7.464999999999998,1935.1080000000004,3195283,24991.264800000004,0,0,chunk_019.csv
2023-04-12,sd,1,0,0.0,0.0,0.0,0.0,1.0,188,0.0,0,0,chunk_019.csv
2023-04-12,si,3,0,0.0,0.0,0.0,0.0,3.0,5588,0.0,0,0,chunk_019.csv
2023-04-12,sl,32,96,0.9832,0.60192562,0.201,0.0,31.799,16762,457.1782,0,0,chunk_019.csv
2023-04-12,sr,43,57,-2.6639999999999997,0.788544,0.0,0.5309999999999999,42.46900000000001,31091,-1926.072,0,0,chunk_019.csv
2023-04-12,sv,224,2123,-17.71709999999999,31.285851930000018,3.3210000000000006,13.108000000000004,207.5710000000001,725975,76523.80060000013,0,0,chunk_019.csv
2023-04-12,ta,94,622,3.8906000000000005,5.928128080000001,2.45,1.069,90.481,31942729,-4216.001699999999,0,0,chunk_019.csv
2023-04-12,te,46,4,0.0,0.0,0.0,0.0,46.0,912375,0.0,0,0,chunk_019.csv
2023-04-12,th,1248,2042663,4.899500000000001,3.9228781699999997,2.047,0.383,1245.57,728992,13061.9153,0,0,chunk_019.csv
2023-04-12,tl,66,43,-3.4844999999999997,17.363082430000002,4.119,7.145000000000002,54.73600000000002,47097,-539.4050000000026,0,0,chunk_019.csv
2023-04-12,tr,863,41620,9.857900000000003,20.99985727,6.957999999999998,5.012,851.029,2789306,-47134.1729,0,0,chunk_019.csv
2023-04-12,uk,3520,235086,87.25329999999984,119.84871456999964,55.33500000000008,21.646,3443.024000000003,8588018,184703.0689999999,0,0,chunk_019.csv
2023-04-12,und,14017,2082515,124.62220000000006,546.5950261200023,226.39299999999957,164.34300000000047,13626.264000000028,43012382,199710.51389999845,0,0,chunk_019.csv
2023-04-12,ur,194,437,5.542299999999999,7.095490150000001,2.1990000000000003,0.66,191.14099999999993,9930735,-185613.1201,0,0,chunk_019.csv
2023-04-12,vi,163,239,-2.647199999999999,13.2959431,3.6559999999999993,2.366,156.978,86125,-2914.4643999999994,0,0,chunk_019.csv
2023-04-12,zh,123,713,0.8518999999999999,0.94807109,0.8479999999999999,0.469,121.68299999999999,4662068,-69916.0948,0,0,chunk_019.csv
2023-04-13,am,3,0,0.0,0.0,0.0,0.0,3.0,593678,0.0,0,0,chunk_019.csv
2023-04-13,ar,174,1002,-6.7229,9.064579389999997,1.26,3.4730000000000003,169.268,2217584,-5712.229200000001,0,0,chunk_019.csv
2023-04-13,bg,29,0,0.0,0.0,0.0,0.0,29.0,18049,0.0,0,0,chunk_019.csv
2023-04-13,bn,34,1,-1.1988,0.7185607200000002,0.0,0.382,33.617999999999995,2178466,-841506.6510000001,0,0,chunk_019.csv
2023-04-13,ca,147,2146,7.153499999999998,24.82014317,7.033,7.847999999999997,132.11999999999998,1314566,819621.2338999999,0,0,chunk_019.csv
2023-04-13,ckb,1,0,0.0,0.0,0.0,0.0,1.0,3500,0.0,0,0,chunk_019.csv
2023-04-13,cs,222,4520,54.319299999999984,48.88426827000005,18.820999999999998,4.031000000000001,199.14700000000002,828381,85442.1715,0,0,chunk_019.csv
2023-04-13,cy,18,230,0.8961999999999999,2.19339314,0.73,0.36799999999999994,16.902,12468,447.8818,0,0,chunk_019.csv
2023-04-13,da,77,59,-9.631499999999999,12.094810290000002,1.6330000000000002,7.187000000000001,68.17999999999999,421200,-46586.61429999998,0,0,chunk_019.csv
2023-04-13,de,7145,520143,-3324.6857999999766,2918.022922899963,88.53100000000022,963.2900000000138,6093.169999999821,78092956,-22520929.525099996,0,0,chunk_019.csv
2023-04-13,el,267,1033,9.6434,10.072429640000003,4.345000000000001,1.6750000000000003,260.97999999999996,2874535,420861.79660000006,0,0,chunk_019.csv
2023-04-13,en,72626,12641918,-4471.249699999868,22974.382490752083,6144.141999999897,7450.2620000002635,59031.19299999958,688466675,-15091870.018299857,0,0,chunk_019.csv
2023-04-13,es,7687,1426940,-348.1116999999994,436.05870091000105,67.08699999999982,140.57799999999997,7479.331000000015,125929120,-6405083.422500009,0,0,chunk_019.csv
2023-04-13,et,144,709,8.670300000000001,14.963116269999992,6.378999999999998,5.386999999999998,132.258,91245,6586.0301,0,0,chunk_019.csv
2023-04-13,eu,58,8,-1.1063,1.19138689,0.104,0.44000000000000006,57.456,155937,-40613.9447,0,0,chunk_019.csv
2023-04-13,fa,96,391,-1.1271000000000002,2.00584913,0.23199999999999998,0.44799999999999995,95.32,102480,341.4034999999999,0,0,chunk_019.csv
2023-04-13,fi,242,2032,4.836500000000001,22.802353689999993,7.542,6.71,227.74799999999988,677348,25874.854399999997,0,0,chunk_019.csv
2023-04-13,fr,10547,5151333,-1164.737900000024,999.0959113699911,102.03300000000075,245.13600000000352,10199.85099999974,145123021,-13177539.199499983,0,0,chunk_019.csv
2023-04-13,gu,49,12,-2.0588,1.10296222,0.0,0.631,48.36900000000001,6619619,-334669.1414,0,0,chunk_019.csv
2023-04-13,hi,333,6073,3.5989000000000013,14.285094429999997,3.721,2.763,326.52199999999993,86539889,1207341.1656999977,0,0,chunk_019.csv
2023-04-13,ht,75,68,-24.11750000000001,20.155474209999998,1.782,15.762999999999991,57.45499999999999,40644,-7458.852500000008,0,0,chunk_019.csv
2023-04-13,hu,29,74,10.5461,9.31537649,5.3950000000000005,0.0,23.604999999999993,90130,8184.057300000001,0,0,chunk_019.csv
2023-04-13,hy,1,0,0.0,0.0,0.0,0.0,1.0,30,0.0,0,0,chunk_019.csv
2023-04-13,in,495,14374,-36.06590000000004,91.59451340999989,14.311000000000002,43.597000000000044,437.09300000000025,1257227,-42757.23980000001,0,0,chunk_019.csv
2023-04-13,is,23,0,0.4588,0.21049743999999998,0.158,0.0,22.842,8176,1193.3388,0,0,chunk_019.csv
2023-04-13,it,3713,97528,223.43730000000068,254.98315875,88.5839999999998,39.76500000000002,3584.6239999999984,31068899,5018142.0709,0,0,chunk_019.csv
2023-04-13,iw,66,16,0.0,0.0,0.0,0.0,66.0,59887,0.0,0,0,chunk_019.csv
2023-04-13,ja,617,20493,19.272700000000007,32.12340376999998,14.507999999999997,6.085000000000001,596.407,1586621,42070.9019,0,0,chunk_019.csv
2023-04-13,ka,18,0,0.0,0.0,0.0,0.0,18.0,5004,0.0,0,0,chunk_019.csv
2023-04-13,km,2,0,0.0,0.0,0.0,0.0,2.0,1208,0.0,0,0,chunk_019.csv
2023-04-13,kn,21,1,0.0,0.0,0.0,0.0,21.0,487296,0.0,0,0,chunk_019.csv
2023-04-13,ko,125,53,-6.0524,11.26125664,1.924,4.665000000000001,118.41,41354,3138.681,0,0,chunk_019.csv
2023-04-13,lt,43,94,12.527600000000001,7.237438480000005,7.992000000000003,0.375,34.63300000000002,248803,3608.384,0,0,chunk_019.csv
2023-04-13,lv,114,1230,-20.660899999999998,13.573714970000001,0.9640000000000001,11.213999999999999,101.82199999999999,195399,-12590.700499999995,0,0,chunk_019.csv
2023-04-13,ml,7,4,0.0,0.0,0.0,0.0,7.0,36321,0.0,0,0,chunk_019.csv
2023-04-13,mr,9,2,-1.5273,1.5932177100000002,0.149,0.595,8.256,4900,-689.1870000000001,0,0,chunk_019.csv
2023-04-13,my,1,10,0.0,0.0,0.0,0.0,1.0,443,0.0,0,0,chunk_019.csv
2023-04-13,ne,8,32,0.0,0.0,0.0,0.0,8.0,34540,0.0,0,0,chunk_019.csv
2023-04-13,nl,294,4229,-42.06070000000004,29.226416429999993,1.4310000000000003,17.40499999999999,275.167,1251161,-669055.0330000005,0,0,chunk_019.csv
2023-04-13,no,63,30,-1.0695999999999999,1.4002917199999998,0.443,0.715,61.842,41828,-980.5800999999999,0,0,chunk_019.csv
2023-04-13,or,4,0,-0.5994,0.3592803600000001,0.0,0.178,3.822,2038010,-406959.0336,0,0,chunk_019.csv
2023-04-13,pa,10,1,-2.4649,2.1985835700000003,0.122,0.663,9.215,1010701,-214548.02030000003,0,0,chunk_019.csv
2023-04-13,pl,656,18063,-20.280100000000004,36.452785109999986,7.499999999999994,14.911000000000008,633.5829999999994,6565380,51027.742999999995,0,0,chunk_019.csv
2023-04-13,ps,1,0,-0.5994,0.3592803600000001,0.0,0.093,0.907,41563,-24912.862200000003,0,0,chunk_019.csv
2023-04-13,pt,499,3253,7.217699999999995,31.480197230000012,10.136999999999997,7.629000000000001,481.2340000000002,5452673,2406967.9405000005,0,0,chunk_019.csv
2023-04-13,ro,186,9182,-19.004900000000017,22.948351489999997,5.406000000000001,9.799,170.79299999999998,3652447,-115082.27470000001,0,0,chunk_019.csv
2023-04-13,ru,2037,28768,39.39829999999997,39.09632749,17.853999999999985,5.888000000000001,2013.257000000001,3971204,43318.32139999999,0,0,chunk_019.csv
2023-04-13,sd,5,2,0.0,0.0,0.0,0.0,5.0,1034,0.0,0,0,chunk_019.csv
2023-04-13,si,1,0,0.0,0.0,0.0,0.0,1.0,5459,0.0,0,0,chunk_019.csv
2023-04-13,sl,51,122,-1.3862,0.8378204600000001,0.091,0.5569999999999999,50.352,171775,-467.1651,0,0,chunk_019.csv
2023-04-13,sr,24,24,0.0,0.0,0.0,0.0,24.0,12392,0.0,0,0,chunk_019.csv
2023-04-13,sv,144,453,-18.218500000000002,21.29745021,2.4199999999999995,11.398000000000001,130.18200000000002,369611,12126.926499999992,0,0,chunk_019.csv
2023-04-13,ta,73,5869,0.22450000000000003,1.55571065,0.357,0.32999999999999996,72.313,20329422,508.2487,0,0,chunk_019.csv
2023-04-13,te,27,0,-0.5994,0.3592803600000001,0.0,0.231,26.769,200297,-1351.0476,0,0,chunk_019.csv
2023-04-13,th,283,319601,16.2684,10.017206660000005,5.428999999999999,0.0,277.57099999999997,109294,7989.273099999999,0,0,chunk_019.csv
2023-04-13,tl,74,46,-15.2315,14.532583170000002,2.3229999999999995,9.678999999999997,61.998000000000026,88197,-19682.782300000013,0,0,chunk_019.csv
2023-04-13,tr,917,23192,126.77880000000016,110.81166160000019,33.10400000000004,2.8560000000000003,881.0399999999987,3963203,-80143.07190000004,0,0,chunk_019.csv
2023-04-13,uk,3275,130364,74.28379999999969,159.96387370000025,68.21799999999998,37.074,3169.713000000004,7464963,127542.9062999999,0,0,chunk_019.csv
2023-04-13,und,7057,562361,112.62239999999971,477.8047964600038,197.00900000000007,157.07799999999986,6702.911,15883764,-295608.16290000087,0,0,chunk_019.csv
2023-04-13,ur,117,251,-2.0029,1.0195135899999999,0.05,0.37300000000000005,116.577,4632120,-481.6888,0,0,chunk_019.csv
2023-04-13,vi,225,591,3.7457000000000003,17.07523685,4.168,2.229999999999999,218.61000000000004,142952,7186.0703,0,0,chunk_019.csv
2023-04-13,zh,144,111,1.2349,2.7051279900000003,1.5120000000000002,1.1430000000000002,141.344,3986619,3444.647300000011,0,0,chunk_019.csv
2023-04-14,am,2,0,0.0,0.0,0.0,0.0,2.0,395794,0.0,0,0,chunk_019.csv
2023-04-14,ar,216,586,-4.208799999999998,4.734313879999999,0.9259999999999999,1.708,213.36599999999999,6058424,-6238.682599999996,0,0,chunk_019.csv
2023-04-14,bg,37,23,1.1724,0.47908783999999993,0.9440000000000001,0.42400000000000004,35.632,27413,864.8024,0,0,chunk_019.csv
2023-04-14,bn,46,0,-3.8137000000000008,2.1392446900000004,0.0,1.019,44.980999999999995,11272505,-3857635.3821,0,0,chunk_019.csv
2023-04-14,ca,132,507,8.020799999999998,15.793621239999998,4.334,3.6010000000000004,124.06499999999998,1284376,891782.3891,0,0,chunk_019.csv
2023-04-14,cs,175,3254,19.9492,22.748911720000002,8.466999999999999,2.1270000000000002,164.40500000000006,397812,8749.783399999997,0,0,chunk_019.csv
2023-04-14,cy,6,0,-0.2054,0.021094579999999998,0.0,0.082,5.918,6289,-68.6036,0,0,chunk_019.csv
2023-04-14,da,97,651,-15.896399999999995,11.832020619999998,0.7200000000000001,8.088000000000005,88.19199999999995,228849,-24800.758600000016,0,0,chunk_019.csv
2023-04-14,de,6890,490732,-2841.9130999999848,2692.027435269969,100.50799999999968,903.6049999999977,5885.884000000033,98966100,-23192214.420900073,0,0,chunk_019.csv
2023-04-14,el,202,1514,5.918399999999999,2.74643452,2.22,0.23199999999999998,199.54700000000003,1806156,181985.9683,0,0,chunk_019.csv
2023-04-14,en,71399,23771756,-8627.652700000783,23751.927091472102,5845.875000000113,7762.010999999702,57791.160999996886,616086101,-78588177.22560026,0,0,chunk_019.csv
2023-04-14,es,6889,1804217,-302.60969999999975,446.91010855000326,65.33600000000001,146.41700000000063,6677.225999999941,105521072,-2908600.614799997,0,0,chunk_019.csv
2023-04-14,et,128,913,7.001900000000004,10.83199527,4.88,4.628,118.50500000000001,189211,-2548.6398999999988,0,0,chunk_019.csv
2023-04-14,eu,55,2,0.0,0.0,0.0,0.0,55.0,82043,0.0,0,0,chunk_019.csv
2023-04-14,fa,46,18,-2.9472,2.8045458400000003,0.203,0.7999999999999999,44.99699999999999,33711,445.5308000000004,0,0,chunk_019.csv
2023-04-14,fi,194,1125,17.255,31.511922699999992,9.966999999999997,6.405,177.6279999999999,697366,87661.99030000006,0,0,chunk_019.csv
2023-04-14,fr,6232,1510728,-329.32729999999793,470.1119909699934,71.09499999999933,131.9669999999995,6029.12299999989,69468467,-295807.6914999997,0,0,chunk_019.csv
2023-04-14,gu,48,5,-0.9997,0.55080409,0.0,0.239,47.760999999999996,5848216,-40479.9518,0,0,chunk_019.csv
2023-04-14,hi,223,457,-0.6741000000000004,8.815373670000005,1.5990000000000002,2.367,219.03399999999996,109148200,-141721.3914,0,0,chunk_019.csv
2023-04-14,ht,68,3,-18.178399999999996,18.99875324,2.2990000000000004,12.452,53.24800000000001,55056,-11077.664199999985,0,0,chunk_019.csv
2023-04-14,hu,17,27,3.6332000000000004,2.8733643800000004,1.62,0.0,15.379999999999999,70269,13469.077500000001,0,0,chunk_019.csv
2023-04-14,in,353,3032,0.9301999999999967,33.957440899999995,8.311,9.673,335.019,1290657,228317.9822999998,0,0,chunk_019.csv
2023-04-14,is,24,0,0.0,0.0,0.0,0.0,24.0,6672,0.0,0,0,chunk_019.csv
2023-04-14,it,3946,109911,165.880500000001,286.7429330299991,88.67000000000014,45.67299999999994,3811.6550000000093,37197374,6212142.146099999,0,0,chunk_019.csv
2023-04-14,iw,51,0,0.0,0.0,0.0,0.0,51.0,32570,0.0,0,0,chunk_019.csv
2023-04-14,ja,455,9513,25.672500000000017,29.749638409999974,19.909000000000002,7.434000000000002,427.65599999999995,1360132,112351.63179999997,0,0,chunk_019.csv
2023-04-14,ka,22,2,0.0,0.0,0.0,0.0,22.0,6804,0.0,0,0,chunk_019.csv
2023-04-14,kn,21,2,-0.34,0.11560000000000002,0.0,0.094,20.906,1083932,-2963.78,0,0,chunk_019.csv
2023-04-14,ko,110,14,3.0482000000000005,6.38937298,2.3139999999999996,2.18,105.507,57023,3596.9001,0,0,chunk_019.csv
2023-04-14,lt,39,9,12.015,7.527605400000004,8.045000000000003,0.67,30.285000000000014,57351,1200.4912,0,0,chunk_019.csv
2023-04-14,lv,80,651,-12.706199999999997,9.303835320000001,0.886,7.3039999999999985,71.81,103950,-5634.547100000001,0,0,chunk_019.csv
2023-04-14,ml,7,0,-0.8316,0.69155856,0.0,0.182,6.818,166807,-123.0768,0,0,chunk_019.csv
2023-04-14,mr,16,0,-0.6705,0.44957025,0.0,0.231,15.769,1561961,-18.774,0,0,chunk_019.csv
2023-04-14,ne,5,0,-0.5994,0.3592803600000001,0.0,0.17,4.83,67473,-2609.7876,0,0,chunk_019.csv
2023-04-14,nl,233,1127,-26.9107,20.516336909999996,1.2809999999999997,11.897999999999996,219.82299999999998,277720,-18458.411400000015,0,0,chunk_019.csv
2023-04-14,no,55,14,2.9499,1.66043495,1.3920000000000001,0.043,53.565000000000005,85554,11031.5962,0,0,chunk_019.csv
2023-04-14,or,2,0,0.0,0.0,0.0,0.0,2.0,4402,0.0,0,0,chunk_019.csv
2023-04-14,pa,6,1,-0.5994,0.3592803600000001,0.0,0.078,5.922,477115,-140776.88220000002,0,0,chunk_019.csv
2023-04-14,pl,388,4608,-22.79070000000001,30.339656690000005,3.8899999999999997,8.490999999999996,375.6169999999998,4852651,-56591.95360000001,0,0,chunk_019.csv
2023-04-14,ps,2,0,0.0,0.0,0.0,0.0,2.0,45834,0.0,0,0,chunk_019.csv
2023-04-14,pt,476,3056,-7.469900000000001,29.760069650000016,8.485000000000001,9.020999999999999,458.48600000000044,8560551,2355743.187999999,0,0,chunk_019.csv
2023-04-14,ro,144,8705,-19.982300000000002,14.917803070000007,2.9820000000000007,7.779999999999996,133.23899999999995,616995,-143711.37000000005,0,0,chunk_019.csv
2023-04-14,ru,1598,27548,29.3983,36.08151308999998,16.261,6.952000000000003,1574.7860000000005,3475722,61773.633,0,0,chunk_019.csv
2023-04-14,sd,2,0,0.0,0.0,0.0,0.0,2.0,380,0.0,0,0,chunk_019.csv
2023-04-14,sl,36,134,1.0168,1.19910122,0.611,0.352,35.038,104622,274.15639999999996,0,0,chunk_019.csv
2023-04-14,sr,40,34,0.765,0.585225,0.524,0.0,39.476,33177,2104.515,0,0,chunk_019.csv
2023-04-14,sv,118,124,-14.311100000000001,16.16095401,2.076,9.282999999999998,106.64099999999998,315208,5445.2768000000015,0,0,chunk_019.csv
2023-04-14,ta,47,152,-0.4670000000000001,3.0561013399999997,1.175,0.8220000000000001,45.003,16248452,-712725.3574,0,0,chunk_019.csv
2023-04-14,te,36,1,-0.34,0.11560000000000002,0.0,0.179,35.821,325653,-1844.5000000000002,0,0,chunk_019.csv
2023-04-14,th,180,47457,25.05699999999999,23.43387668,9.791999999999998,0.313,169.895,647165,915.0488,0,0,chunk_019.csv
2023-04-14,tl,59,19,-14.238999999999999,10.62027766,0.514,8.201,50.28500000000001,39599,-5375.530900000001,0,0,chunk_019.csv
2023-04-14,tr,746,60403,30.770200000000006,29.560240879999988,8.809,1.715,735.4750000000001,12362401,42620.4274,0,0,chunk_019.csv
2023-04-14,ug,2,10,0.0,0.0,0.0,0.0,2.0,544,0.0,0,0,chunk_019.csv
2023-04-14,uk,3313,315345,81.16279999999993,145.87781874000012,63.77500000000002,29.601000000000056,3219.6260000000025,6055876,1908.9470000000422,0,0,chunk_019.csv
2023-04-14,und,7050,153210,154.99480000000028,473.38012908000417,201.31000000000003,148.22999999999962,6700.468000000032,23769545,-3768647.5220000087,0,0,chunk_019.csv
2023-04-14,ur,60,92,-1.0398,0.5532325200000001,0.0,0.224,59.775999999999996,11147219,-257674.7166,0,0,chunk_019.csv
2023-04-14,vi,141,450,3.7486999999999973,16.743367329999995,4.2379999999999995,2.681999999999999,134.09500000000003,114106,33995.47970000001,0,0,chunk_019.csv
2023-04-14,zh,158,295,3.4712,4.15289206,2.6639999999999993,1.291,154.04500000000002,3004258,354168.4257,0,0,chunk_019.csv
2023-04-15,am,4,0,0.0,0.0,0.0,0.0,4.0,198635,0.0,0,0,chunk_019.csv
2023-04-15,ar,115,310,-2.303399999999999,1.9131486599999998,0.317,0.8320000000000002,113.85,1314629,-2721.382699999999,0,0,chunk_019.csv
2023-04-15,bg,57,56,0.2732,0.07463824,0.372,0.274,56.354,59125,665.7884,0,0,chunk_019.csv
2023-04-15,bn,41,0,-2.0427,1.4307279300000002,0.0,0.645,40.355000000000004,8692794,-908106.6405000001,0,0,chunk_019.csv
2023-04-15,ca,153,1114,4.657799999999996,11.55600742,3.623999999999999,2.5729999999999995,146.80200000000002,326785,11751.276199999997,0,0,chunk_019.csv
2023-04-15,cs,181,3597,30.732399999999988,24.479413419999982,13.029999999999996,0.776,167.19400000000005,333319,138467.65140000003,0,0,chunk_019.csv
2023-04-15,cy,9,36,2.1052,2.12792856,1.182,0.272,7.546000000000001,14795,8142.526099999999,0,0,chunk_019.csv
2023-04-15,da,75,154,-16.20339999999999,10.16900154,0.188,7.700000000000002,67.11199999999998,62655,-3997.701,0,0,chunk_019.csv
2023-04-15,de,6157,352472,-3047.0062999999905,2830.9320323099437,96.1510000000003,943.5109999999999,5117.314000000035,56494556,-22866700.314900003,0,0,chunk_019.csv
2023-04-15,el,181,767,-0.6476,6.3798920599999995,2.035,1.718,177.24699999999999,779203,95767.63119999999,0,0,chunk_019.csv
2023-04-15,en,73241,23948521,-10690.229400000137,26565.615341965342,6299.160000001417,9419.676000000036,57523.85600000138,437530781,-34947440.06969966,0,0,chunk_019.csv
2023-04-15,es,6446,1526807,-214.513699999999,363.56972518999913,62.36899999999996,115.76200000000026,6267.833000000029,99786074,-2577140.290000004,0,0,chunk_019.csv
2023-04-15,et,116,296,2.8379999999999987,9.613509600000004,4.525,2.6999999999999997,108.782,124606,12183.710299999999,0,0,chunk_019.csv
2023-04-15,eu,58,117,0.0,0.0,0.0,0.0,58.0,143208,0.0,0,0,chunk_019.csv
2023-04-15,fa,55,97,-1.2802,0.8227690000000001,0.0,0.321,54.679,615346,-229.918,0,0,chunk_019.csv
2023-04-15,fi,223,2799,-7.564799999999996,13.569651059999998,2.708,8.034,212.258,552008,4114.301399999999,0,0,chunk_019.csv
2023-04-15,fr,5654,1388612,-138.92189999999894,295.68584393000197,75.71199999999996,89.84400000000038,5488.607999999975,25621952,2316840.0735999993,0,0,chunk_019.csv
2023-04-15,gu,45,4,-2.8668,2.8634032800000004,0.202,1.36,43.438,7491864,-531838.7760000001,0,0,chunk_019.csv
2023-04-15,hi,202,897,8.290300000000002,14.480181270000006,5.016000000000003,4.6000000000000005,192.38400000000001,114592922,-1873494.2293999996,0,0,chunk_019.csv
2023-04-15,ht,70,5,-25.213200000000015,17.681822039999997,1.335,14.304999999999994,54.36,30165,-7201.296100000005,0,0,chunk_019.csv
2023-04-15,hu,16,20,1.2263,0.92589685,0.587,0.0,15.413,86346,1845.5135,0,0,chunk_019.csv
2023-04-15,hy,2,0,0.0,0.0,0.0,0.0,2.0,39,0.0,0,0,chunk_019.csv
2023-04-15,in,330,554,-9.029600000000002,33.90163688000001,9.220999999999998,15.445000000000002,305.3380000000001,1251611,16505.503700000016,0,0,chunk_019.csv
2023-04-15,is,26,4,0.0,0.0,0.0,0.0,26.0,13364,0.0,0,0,chunk_019.csv
2023-04-15,it,3412,97589,215.40420000000145,227.31413563999976,75.00600000000044,33.564,3303.4120000000094,20212730,2315210.218499999,0,0,chunk_019.csv
2023-04-15,iw,52,7,-0.25,0.0625,0.0,0.057,51.943,53246,-0.5,0,0,chunk_019.csv
2023-04-15,ja,497,9122,-27.699499999999986,66.3238503099999,20.033,41.973000000000006,434.9939999999994,1289217,58642.69429999991,0,0,chunk_019.csv
2023-04-15,ka,20,0,0.0,0.0,0.0,0.0,20.0,5560,0.0,0,0,chunk_019.csv
2023-04-15,km,2,0,0.0,0.0,0.0,0.0,2.0,285142,0.0,0,0,chunk_019.csv
2023-04-15,kn,29,5,-0.4767,0.22724289,0.0,0.154,28.846,1205303,-221983.9356,0,0,chunk_019.csv
2023-04-15,ko,81,33,1.9850999999999996,5.153016510000001,1.2910000000000001,1.983,77.725,29128,8596.309399999998,0,0,chunk_019.csv
2023-04-15,lt,19,0,7.559100000000001,4.70253291,4.995000000000001,0.11,13.895,7234,2222.943,0,0,chunk_019.csv
2023-04-15,lv,42,133,-13.689099999999993,8.958778709999999,0.361,7.786000000000001,33.853,26871,-3776.0182999999997,0,0,chunk_019.csv
2023-04-15,ml,11,0,0.0,0.0,0.0,0.0,11.0,265545,0.0,0,0,chunk_019.csv
2023-04-15,mr,4,0,-1.0398,0.5532325200000001,0.0,0.272,3.7279999999999998,1330205,-449641.6542,0,0,chunk_019.csv
2023-04-15,my,1,2,-0.4588,0.21049743999999998,0.128,0.264,0.608,846063,-388173.7044,0,0,chunk_019.csv
2023-04-15,ne,3,0,-0.7906,0.62504836,0.0,0.269,2.731,27215,-3441.4818,0,0,chunk_019.csv
2023-04-15,nl,330,3292,-34.2515,32.115048129999984,3.359000000000001,14.771999999999991,311.87000000000006,685530,-33760.743500000004,0,0,chunk_019.csv
2023-04-15,no,60,3960,0.9284999999999998,2.2404810700000004,0.9760000000000001,0.642,58.382,167321,8891.142900000004,0,0,chunk_019.csv
2023-04-15,or,4,0,-0.5994,0.3592803600000001,0.0,0.245,3.755,72591,-734.8644,0,0,chunk_019.csv
2023-04-15,pa,6,0,-1.3777,0.9650312500000001,0.0,0.30300000000000005,5.697,759426,-200749.3371,0,0,chunk_019.csv
2023-04-15,pl,440,7858,0.1913999999999997,24.403781680000016,6.617,5.532000000000002,427.8439999999999,2549587,-8136.1792000000005,0,0,chunk_019.csv
2023-04-15,pt,479,2023,-5.386800000000003,28.350242520000037,7.499000000000003,7.382000000000002,464.11800000000034,4777043,2510588.577399998,0,0,chunk_019.csv
2023-04-15,ro,145,8862,-1.3047999999999997,14.37743466000001,3.7469999999999977,5.259999999999999,135.99399999999994,514619,17755.191200000005,0,0,chunk_019.csv
2023-04-15,ru,1724,35789,27.003800000000005,27.599590780000007,13.333999999999994,4.481999999999999,1706.1830000000011,3502243,-53034.544699999984,0,0,chunk_019.csv
2023-04-15,si,1,0,0.6369,0.40564161000000004,0.095,0.0,0.905,344,219.0936,0,0,chunk_019.csv
2023-04-15,sl,27,78,-0.09860000000000002,0.5211922,0.091,0.194,26.715,35489,742.2561999999999,0,0,chunk_019.csv
2023-04-15,sr,43,9,0.0,0.0,0.0,0.0,43.0,19140,0.0,0,0,chunk_019.csv
2023-04-15,sv,99,59,-17.4142,15.545938280000001,1.4230000000000003,9.763000000000002,87.81400000000002,299240,7960.625600000003,0,0,chunk_019.csv
2023-04-15,ta,73,5715,-2.9857000000000005,2.92852669,0.311,1.4649999999999999,71.22399999999999,25579271,-3330998.2224000003,0,0,chunk_019.csv
2023-04-15,te,23,2,-0.4404,0.19395216,0.0,0.209,22.791,1228845,-77908.52160000001,0,0,chunk_019.csv
2023-04-15,th,151,2503,37.6997,29.269175010000005,13.394000000000002,1.4219999999999997,136.184,80159,26304.81140000001,0,0,chunk_019.csv
2023-04-15,tl,66,8,-15.06189999999999,19.921120670000004,4.415,11.841999999999995,49.74500000000001,38200,-4039.636200000001,0,0,chunk_019.csv
2023-04-15,tr,511,29344,83.50689999999986,61.20140925000021,18.224999999999977,2.9419999999999997,489.83299999999997,1586348,110743.12580000001,0,0,chunk_019.csv
2023-04-15,uk,3065,141712,68.84459999999991,148.27650379999974,65.27600000000004,34.48100000000003,2965.2420000000043,6947815,-35833.70110000007,0,0,chunk_019.csv
2023-04-15,und,7380,215668,206.74360000000044,552.423590440005,247.1090000000002,184.77299999999985,6948.037000000019,17271507,148062.93259999916,0,0,chunk_019.csv
2023-04-15,ur,76,125,1.3686,1.26937868,0.39099999999999996,0.066,75.54299999999999,395062,1780.1209999999996,0,0,chunk_019.csv
2023-04-15,vi,175,297,-11.378699999999998,17.192732890000002,2.325,4.851999999999999,167.824,154763,2387.0823000000023,0,0,chunk_019.csv
2023-04-15,zh,113,125,2.942,1.6955087800000002,0.994,0.114,111.89300000000001,2212130,92786.561,0,0,chunk_019.csv
